date,情绪分,标签,有效因子数,f_指数多头,f_科技共振,f_量能,f_宽度,f_涨跌停,fwd1,fwd5,fwd20
2025-03-26,95.59,牛市共振,2,,,,1.0,0.9118,0.0033309035129995834,-0.008922637055006732,-0.03444432339284231
2025-03-27,77.08,分化,3,,,0.7733,1.0,0.5392,-0.0043856035430671625,-0.018031935616105277,-0.03697941619545453
2025-03-28,70.35,分化,3,,,0.7773,1.0,0.3333,-0.0071159179457525035,-0.08319570613353311,-0.034110226743897964
2025-03-31,79.17,分化,3,,,0.864,1.0,0.5111,9.723957928708948e-05,-0.06085113958098487,-0.028870714062643854
2025-04-01,81.31,牛市共振,3,,,0.6733,1.0,0.766,-0.0008483199766237126,-0.05167343847905337,-0.030124233348183704
2025-04-02,76.63,分化,3,,,0.5677,1.0,0.7313,-0.0058910211292080294,-0.03842846720176629,-0.019525248005733742
2025-04-03,77.65,分化,3,,,0.7652,1.0,0.5644,-0.07045494979545541,-0.028741658364631717,-0.007736883798873162
2025-04-07,66.92,分化,3,,,1.0,1.0,0.0075,0.01708288282214432,0.04727783518380724,0.07339730615435669
2025-04-08,71.6,分化,3,,,0.7171,1.0,0.4308,0.009870550206135142,0.03026110460865805,0.053522459302298486
2025-04-09,87.61,牛市共振,3,,,0.6907,1.0,0.9375,0.013106509341178185,0.023333552132286384,0.0552826113962428
2025-04-10,86.8,牛市共振,3,,,0.6095,1.0,0.9945,0.004123567815180973,0.00993463387338811,0.043142794800160145
2025-04-11,77.5,分化,3,,,0.4725,1.0,0.8525,0.002299682950377191,0.005867457739826332,0.05137793002937996
2025-04-14,82.95,牛市共振,3,,,0.5106,1.0,0.9779,0.0005567759877120881,0.006846934752664291,0.03938590242135054
2025-04-15,76.55,分化,3,,,0.4202,1.0,0.8764,0.00308010533774139,0.0060398246852431114,0.033991601162915774
2025-04-16,78.17,分化,3,,,0.5335,1.0,0.8116,-0.00015850212838142141,0.0037272915219914715,0.02765180952179014
2025-04-17,75.84,分化,3,,,0.3914,1.0,0.8839,7.979381913369998e-05,0.0032170428993838485,0.03338841139254267
2025-04-18,82.04,牛市共振,2,,,,1.0,0.6408,0.003275685794360994,0.0038358149174968492,0.038133021322865446
2025-04-21,90.71,牛市共振,3,,,0.8404,1.0,0.8808,-0.00024529175372134393,-0.0008617973312023963,0.03407888217134247
2025-04-22,85.54,牛市共振,3,,,0.802,1.0,0.7642,0.0007743755325448909,-0.0023455634561134753,0.025983917027281755
2025-04-23,74.62,分化,4,0.5,,0.8351,1.0,0.6496,-0.0006667753928667475,-0.004307474665703914,0.019336301544510492
2025-04-24,70.08,分化,4,0.5,,0.6652,1.0,0.6381,0.0006966308203342209,0.006390781166704773,0.014543948729578426
2025-04-25,74.6,分化,4,0.5,,0.7501,1.0,0.7339,-0.001419305239403923,0.011785945141656873,0.013003163960901176
2025-04-28,76.68,分化,4,1.0,,0.7024,1.0,0.3649,-0.0017299734177331771,0.01884840957528544,0.02038306981126703
2025-04-29,81.67,牛市共振,4,1.0,,0.6669,1.0,0.6,-0.0011936711113711418,0.018828730022889317,0.01725941091475036
2025-04-30,75.81,分化,4,0.5,,0.8424,1.0,0.6901,0.01007059806997379,0.031835792488165815,0.021599437008272382
2025-05-06,92.91,牛市共振,4,1.0,,0.8189,1.0,0.8974,0.006061269004120851,0.023031357088213023,0.015806703372923003
2025-05-07,92.58,牛市共振,4,1.0,,0.8135,1.0,0.8899,0.005550983955379785,0.029121780382067364,0.011986735660856285
2025-05-08,89.7,牛市共振,4,1.0,,0.6908,1.0,0.8974,-0.0017492554886566758,0.0140940466007351,0.005473233214192685
2025-05-09,83.25,牛市共振,4,1.0,,0.6301,1.0,0.7,0.011557771724635346,0.011161480008380353,0.01016321072314108
2025-05-12,95.78,牛市共振,4,1.0,,0.8733,1.0,0.9579,0.0014518804456762346,-0.0034607173127829682,-0.006462843252121653
2025-05-13,89.01,牛市共振,4,1.0,,0.7229,1.0,0.8375,0.012050664094831687,0.0004907785502825668,-0.0004191457224486106
2025-05-14,93.6,牛市共振,4,1.0,,0.8388,1.0,0.9053,-0.009132557660878726,-0.006804125206798406,-0.012936564284110719
2025-05-15,82.1,牛市共振,4,1.0,,0.6047,1.0,0.6792,-0.004636006272728532,0.0017060558366208678,-0.011009676701407956
2025-05-16,84.96,牛市共振,4,1.0,,0.5652,1.0,0.8333,-0.003070156289188164,-0.0017513886426869796,-0.003931592759572777
2025-05-19,87.7,牛市共振,4,1.0,,0.5243,1.0,0.9835,0.005422855831583195,-0.0043946250866585546,-0.0017452789298353366
2025-05-20,86.8,牛市共振,4,1.0,,0.5968,1.0,0.875,0.004671473451456354,-0.015077226611816985,-0.005951432858054884
2025-05-21,87.2,牛市共振,4,1.0,,0.6229,1.0,0.8652,-0.0006423277491894863,-0.02046381752417481,-0.018713579096128252
2025-05-22,79.02,分化,4,1.0,,0.553,1.0,0.6076,-0.008071560769940644,-0.014094839395461078,-0.017175042645184657
2025-05-23,68.34,分化,4,0.5,,0.6734,1.0,0.5604,-0.005709900802728041,-0.010829168399006162,-0.006277892640295546
2025-05-26,75.14,分化,4,0.5,,0.5716,1.0,0.9341,-0.0053650848563330245,-0.0020968332300242976,0.011379866779330339
2025-05-27,73.89,分化,4,0.5,,0.5061,1.0,0.9495,-0.0008231240693037378,0.007643387949810565,0.03142923306522438
2025-05-28,70.17,分化,4,0.5,,0.4873,1.0,0.8193,0.005855530391425834,0.010770738176055117,0.028617343361981185
2025-05-29,75.7,分化,4,0.5,,0.6512,1.0,0.8768,-0.004785938517424926,0.003960997432347568,0.016341773983039598
2025-05-30,65.36,分化,4,0.5,,0.5649,1.0,0.5495,0.0030676269245482057,0.011721582571970979,0.024958594301704107
2025-06-03,62.62,分化,4,0.0,,0.6534,1.0,0.8515,0.004343235940006185,0.003492330126533494,0.023558930633847508
2025-06-04,63.52,分化,4,0.0,,0.5844,1.0,0.9565,0.002277949253231437,0.006690105977318783,0.019371150251416225
2025-06-05,62.23,分化,4,0.0,,0.6542,1.0,0.8351,-0.0009210957304880418,0.003776477021335989,0.023342514460849673
2025-06-06,73.71,分化,4,0.5,,0.5538,1.0,0.8947,0.0029070330980449643,-0.0025301859137728533,0.02793488491602214
2025-06-09,80.28,牛市共振,4,0.5,,0.7515,1.0,0.9596,-0.005091235023245155,-0.002947252321918725,0.020572365831465156
2025-06-10,78.74,分化,4,0.5,,0.6964,1.0,0.9531,0.007543723327272378,0.0012711018585809253,0.034404009121592916
2025-06-11,76.1,分化,4,0.5,,0.6782,1.0,0.8659,-0.0006229097475155543,-0.005046544658520613,0.024848450115302567
2025-06-12,77.4,分化,4,0.5,,0.6911,1.0,0.9048,-0.007198244118646335,-0.012617031522949795,0.03027211454131118
2025-06-13,72.5,分化,4,0.5,,0.8183,1.0,0.5818,0.002487693256285839,-0.004538579987248048,0.03897973547934663
2025-06-16,88.52,牛市共振,4,1.0,,0.6233,1.0,0.9176,-0.0008819516551094031,-0.004102824127171778,0.0371399870891469
2025-06-17,85.59,牛市共振,4,1.0,,0.5925,1.0,0.8312,0.0011864989125354164,0.008695686773381839,0.03841634510897718
2025-06-18,71.7,分化,4,0.5,,0.6422,1.0,0.726,-0.008227055543231554,0.02196026870705703,0.0341244119826658
2025-06-19,64.76,分化,4,0.5,,0.6448,1.0,0.4457,0.0009245422018608895,0.02678268473045864,0.04980360601382561
2025-06-20,65.35,分化,4,0.5,,0.5829,1.0,0.5312,0.002926524815408671,0.019527019953469615,0.055088093276521644
2025-06-23,77.77,分化,4,0.5,,0.6544,1.0,0.9565,0.011957951441788905,0.020264254536714876,0.059023174670914225
2025-06-24,78.34,分化,4,0.5,,0.8057,1.0,0.8281,0.014352333286424601,0.009919943836557588,0.055051771831302165
2025-06-25,94.25,牛市共振,4,1.0,,0.8459,1.0,0.9239,-0.00354708716738128,-0.004136622766558795,0.040328189463095354
2025-06-26,90.95,牛市共振,4,1.0,,0.7256,1.0,0.9125,-0.006148398405025679,0.005587428039826037,0.051448630702407794
2025-06-27,89.28,牛市共振,4,1.0,,0.7791,1.0,0.7922,0.003651755342974017,0.01541288449786471,0.052375901438890704
2025-06-30,89.71,牛市共振,4,1.0,,0.6472,1.0,0.9412,0.0016978571391006447,0.007392000836568435,0.05074722710730084
2025-07-01,85.6,牛市共振,4,1.0,,0.555,1.0,0.869,0.00023407448889889437,0.014124793735964758,0.05307515391494588
2025-07-02,84.5,牛市共振,4,1.0,,0.6181,1.0,0.7619,0.006182720125535335,0.01209926787000648,0.05262920473184862
2025-07-03,88.35,牛市共振,4,1.0,,0.6658,1.0,0.8684,0.003562388906882541,0.01057358498630423,0.027097219815509277
2025-07-04,84.39,牛市共振,4,1.0,,0.6974,1.0,0.678,-0.004276225568990322,0.008187326644339743,0.01826255283695466
2025-07-07,85.49,牛市共振,4,1.0,,0.5284,1.0,0.8913,0.008392593859549047,0.013238559532788408,0.026613632600188675
2025-07-08,92.42,牛市共振,4,1.0,,0.744,1.0,0.9529,-0.001763707246055457,0.00515491905156229,0.02625948282444357
2025-07-09,91.05,牛市共振,4,1.0,,0.7157,1.0,0.9265,0.004665956105733837,0.003958835903366875,0.0305869072625784
2025-07-10,90.6,牛市共振,4,1.0,,0.8048,1.0,0.8193,0.0011926860393338679,0.006101384472906979,0.026095028900448236
2025-07-11,91.56,牛市共振,4,1.0,,0.8552,1.0,0.8072,0.0007125622726074088,0.01089506917767169,0.02245684537264192
2025-07-14,83.84,牛市共振,4,1.0,,0.5794,1.0,0.7742,0.00034761460367627173,0.016910158674642073,0.0260954377562026
2025-07-15,82.97,牛市共振,4,1.0,,0.698,1.0,0.6207,-0.0029515575814113015,0.024854988638649322,0.03104224953449375
2025-07-16,85.19,牛市共振,4,1.0,,0.5766,1.0,0.8312,0.00681001374051049,0.028091072725833888,0.04226782284166908
2025-07-17,89.36,牛市共振,4,1.0,,0.6566,1.0,0.9178,0.005962982691001262,0.028391636020504096,0.03440882629308151
2025-07-18,90.3,牛市共振,4,1.0,,0.6966,1.0,0.9153,0.006667063195941569,0.01690624081722225,0.03543254354524672
2025-07-21,92.6,牛市共振,4,1.0,,0.7244,1.0,0.9795,0.008163046119558537,0.012291196275549865,0.03764564053049457
2025-07-22,94.21,牛市共振,4,1.0,,0.8386,1.0,0.9297,0.00019672450184127221,0.008027879476902644,0.025350075171920894
2025-07-23,86.17,牛市共振,4,1.0,,0.8086,1.0,0.6383,0.0071043554995868785,0.007638633093097313,0.03680481075574993
2025-07-24,94.59,牛市共振,4,1.0,,0.8071,1.0,0.9765,-0.005271922389312067,-0.017701843473646672,0.03350992211011494
2025-07-25,83.38,牛市共振,4,1.0,,0.7071,1.0,0.6282,0.0020984873048641717,-0.017502287406406136,0.06077644030279972
2025-07-28,88.03,牛市共振,4,1.0,,0.6902,1.0,0.8312,0.003917115239085778,-0.015745809505152586,0.08061210628827009
2025-07-29,90.46,牛市共振,4,1.0,,0.7391,1.0,0.8793,-0.00018949790929712051,-0.01169903926631266,0.07239017629158129
2025-07-30,89.8,牛市共振,4,1.0,,0.7561,1.0,0.8358,-0.018222684852631565,-0.009094323406519278,0.056582808708698584
2025-07-31,87.89,牛市共振,4,1.0,,0.8211,1.0,0.6944,-0.0050698411558057765,0.009587517020843483,0.09524772749533872
2025-08-01,73.21,分化,4,0.5,,0.5847,1.0,0.8438,0.0038900068425371526,0.012340118639820208,0.10896135137866536
2025-08-04,74.26,分化,4,0.5,,0.5254,1.0,0.9451,0.008044729775498416,0.01272711590823028,0.11128517062031307
2025-08-05,75.48,分化,4,0.5,,0.5816,1.0,0.9375,0.0024455519136337145,0.009839330319609152,0.09431156709598021
2025-08-06,73.47,分化,4,0.5,,0.5756,1.0,0.8632,0.00028705585229782393,0.015337942628309342,0.08419731277992692
2025-08-07,76.0,分化,4,0.5,,0.6694,1.0,0.8706,-0.0023572022613742583,0.014253186042317845,0.06089011842030434
2025-08-08,73.68,分化,4,0.5,,0.5484,1.0,0.8987,0.004273773803145531,0.02372404025961794,0.0865678113019619
2025-08-11,88.59,牛市共振,4,1.0,,0.6736,1.0,0.87,0.005170295984199713,0.028356967717681814,0.08370207707895294
2025-08-12,89.0,牛市共振,4,1.0,,0.6795,1.0,0.8806,0.00790390482687342,0.01919697288389477,0.07057083392417218
2025-08-13,81.72,牛市共振,4,0.5,,0.8058,1.0,0.963,-0.0007816208179632911,0.02270236760356159,0.06435587357457462
2025-08-14,81.37,牛市共振,4,1.0,,0.801,1.0,0.4537,0.006958548113727536,0.027497960792828957,0.08978990816672705
2025-08-15,94.93,牛市共振,4,1.0,,0.8139,1.0,0.9832,0.008818677858427604,0.04179667616237781,0.0760632619822803
2025-08-18,95.91,牛市共振,4,1.0,,0.845,1.0,0.9916,-0.003783165709871472,0.05420779412241661,0.0692650691575778
2025-08-19,90.08,牛市共振,4,1.0,,0.697,1.0,0.906,0.011370458515621573,0.05427328826967992,0.07102439729409715
2025-08-20,89.37,牛市共振,4,1.0,,0.7035,1.0,0.8712,0.0039038526937729134,0.02686025959008509,0.06546506413664588
2025-08-21,87.37,牛市共振,4,1.0,,0.7347,1.0,0.76,0.020971435942042538,0.040976773074193895,0.04898200489091753
2025-08-22,94.08,牛市共振,4,1.0,,0.842,1.0,0.9213,0.02083692277864846,0.027126875831844366,0.028305588191606335
2025-08-25,94.15,牛市共振,4,1.0,,0.8437,1.0,0.9223,-0.0037212743328440823,0.012192145222959194,0.011945323723815404
2025-08-26,86.4,牛市共振,4,1.0,,0.6099,1.0,0.8462,-0.014927018327870134,0.008503431878588374,0.015089552924303362
2025-08-27,76.64,分化,4,1.0,,0.8219,1.0,0.2439,0.017704778516881126,0.016803664536267693,0.04102576519337142
2025-08-28,91.02,牛市共振,4,1.0,,0.727,1.0,0.9136,0.00738770396941435,-0.022082955664053605,0.02905731059446892
2025-08-29,90.01,牛市共振,4,1.0,,0.8248,1.0,0.7755,0.005993649960034597,-0.008102324182765464,0.01185066818455982
2025-09-01,92.25,牛市共振,4,1.0,,0.7415,1.0,0.9485,-0.00735199469302994,-0.012409678416466563,0.021297049672336588
2025-09-02,83.98,牛市共振,4,1.0,,0.7636,1.0,0.5955,-0.006819624069982377,-0.012068805177063768,0.03345780630407691
2025-09-03,76.4,分化,4,1.0,,0.6419,1.0,0.4141,-0.021216303869546982,-0.003243330193602123,0.05597801315099571
2025-09-04,80.99,牛市共振,4,1.0,,0.7939,1.0,0.4457,0.021789657928137807,0.041882535507754115,0.057643432152209906
2025-09-05,90.34,牛市共振,4,1.0,,0.6512,1.0,0.9623,0.0016250834104036826,0.013827042061442585,0.02996499201212921
2025-09-08,78.23,分化,4,0.5,,0.6993,1.0,0.93,-0.007009375761109604,0.014657263709584756,0.01600222205643509
2025-09-09,72.26,分化,4,0.5,,0.571,1.0,0.8193,0.0020527433658958927,0.019628770948058483,0.03832723089349366
2025-09-10,75.55,分化,4,0.5,,0.5769,1.0,0.9452,0.02309587678617797,0.023768150056703075,0.038929740053510686
2025-09-11,92.69,牛市共振,4,1.0,,0.7592,1.0,0.9483,-0.0057247806717385386,-0.010977379349255023,-0.00743178179497106
2025-09-12,89.29,牛市共振,4,1.0,,0.6967,1.0,0.875,0.002445312890452467,-0.0044401832995060175,0.0035873744305061628
2025-09-15,85.77,牛市共振,4,1.0,,0.6206,1.0,0.81,-0.0021440283647959912,-0.002304780856762889,0.016504496073145525
2025-09-16,90.05,牛市共振,4,1.0,,0.6432,1.0,0.9588,0.006120769210039123,-0.0007867201218957343,0.015305802904302945
2025-09-17,89.27,牛市共振,4,1.0,,0.6375,1.0,0.9333,-0.011626836427765741,0.0033064653815197964,0.01215588231481135
2025-09-18,93.01,牛市共振,4,1.0,,0.8761,1.0,0.8442,0.0008471337622097952,0.021204132669973008,0.036142854697384985
2025-09-19,80.87,牛市共振,4,1.0,,0.5751,1.0,0.6598,0.004595484215122125,0.010690817550158327,0.04755729195068903
2025-09-22,85.68,牛市共振,4,1.0,,0.5888,1.0,0.8384,-0.0006257230341430997,0.02154615213169042,0.03744852527568154
2025-09-23,85.79,牛市共振,4,1.0,,0.7278,1.0,0.7037,0.010242250609604042,0.026752508049012302,0.05045816297928418
2025-09-24,75.4,分化,4,0.5,,0.6343,1.0,0.8818,0.006004440404209221,0.03140801058100107,0.0315019644461052
2025-09-25,85.69,牛市共振,4,1.0,,0.6914,1.0,0.7361,-0.00945660568359008,0.005082543492281211,0.010271084878319403
2025-09-26,75.82,分化,4,1.0,,0.6064,1.0,0.4264,0.015385351809531267,0.009654797760735967,0.022714943688404876
2025-09-29,88.91,牛市共振,4,1.0,,0.7269,1.0,0.8293,0.00446763292402208,-0.017529756369883964,-0.00029302695415101
2025-09-30,86.97,牛市共振,4,1.0,,0.6664,1.0,0.8125,0.014822892311246116,-0.007413891910767245,-0.002895364669095457
2025-10-09,91.55,牛市共振,4,1.0,,0.8595,1.0,0.8026,-0.019672630662990076,-0.019335502290910078,-0.0034141334439754534
2025-10-10,85.28,牛市共振,4,1.0,,0.7355,1.0,0.6759,-0.004950491939920476,-0.022222934109761616,0.0134205168862358
2025-10-13,89.89,牛市共振,4,1.0,,0.677,1.0,0.9186,-0.011953495211176945,-0.012137279266762002,0.02200101720110359
2025-10-14,84.07,牛市共振,4,1.0,,0.7895,1.0,0.5732,0.014809990358365388,0.015158872828506142,0.024917271497624016
2025-10-15,87.5,牛市共振,4,1.0,,0.5728,1.0,0.9271,0.0026342035633508676,-0.0029780813309564502,0.008601286081141302
2025-10-16,70.53,分化,4,0.5,,0.5747,1.0,0.7467,-0.02255906985368905,-0.002614984192219172,0.018112680829628802
2025-10-17,58.2,震荡,4,0.5,,0.5885,1.0,0.2396,0.005313326102133198,0.032441602225139254,0.025232472969669795
2025-10-20,73.81,分化,4,0.5,,0.5329,1.0,0.9196,0.015347735117563044,0.03917802488248667,0.013184111541879595
2025-10-21,76.65,分化,4,0.5,,0.6017,1.0,0.9643,-0.003320730623673107,0.018251702548562676,-0.008611069123780957
2025-10-22,69.23,分化,4,0.5,,0.4668,1.0,0.8022,0.002999344593550113,0.03380847760622063,-0.0009314610338002627
2025-10-23,72.21,分化,4,0.5,,0.4837,1.0,0.9048,0.011796511885009409,0.022483402078007808,-0.008986822023979157
2025-10-24,85.16,牛市共振,4,1.0,,0.6465,1.0,0.76,0.011872743557892473,-0.004294627601295065,-0.04443037163969621
2025-10-27,86.88,牛市共振,4,1.0,,0.7118,1.0,0.7634,-0.005098707625962318,-0.013277258914967116,-0.05682140439395211
2025-10-28,84.08,牛市共振,4,1.0,,0.5677,1.0,0.7957,0.011906462377341054,-0.015616884410886489,-0.04296024295109968
2025-10-29,89.21,牛市共振,4,1.0,,0.6755,1.0,0.8929,-0.00798822571402924,-0.025396992289837828,-0.04848781902364063
2025-10-30,81.49,牛市共振,4,1.0,,0.7239,1.0,0.5357,-0.014701636612666436,-0.0035049069929347088,-0.0412976593400598
2025-10-31,84.46,牛市共振,4,1.0,,0.6628,1.0,0.7156,0.0027442603301301993,0.008215800674885587,-0.02456672397738624
2025-11-03,85.7,牛市共振,4,1.0,,0.5519,1.0,0.8761,-0.0074577253445586855,0.00894998816779835,-0.01652923748616819
2025-11-04,83.61,牛市共振,4,1.0,,0.5327,1.0,0.8118,0.0018529027329989844,0.007245871618826172,-0.013935590953209842
2025-11-05,73.09,分化,4,0.5,,0.5114,1.0,0.9121,0.01429490516735954,0.00403066006491537,-0.02079166988131409
2025-11-06,73.34,分化,4,0.5,,0.6217,1.0,0.8119,-0.0031126241188909054,0.0018474014761826751,-0.031285784268438754
2025-11-07,69.59,分化,4,0.5,,0.5366,1.0,0.7471,0.003474463421602847,-0.010826421438821954,-0.02014570249122294
2025-11-10,75.25,分化,4,0.5,,0.6474,1.0,0.8624,-0.009134129265100266,-0.020659670405689168,-0.015611375613047151
2025-11-11,71.48,分化,4,0.5,,0.4932,1.0,0.866,-0.001345094021268145,-0.018050239184311145,-0.011595094800475159
2025-11-12,84.91,牛市共振,4,1.0,,0.5487,1.0,0.8478,0.012089327039823683,-0.012401386605188636,-0.011640480432253075
2025-11-13,88.83,牛市共振,4,1.0,,0.5622,1.0,0.991,-0.01572370046595184,-0.029162770690668416,-0.03187721128494414
2025-11-14,78.83,分化,4,1.0,,0.4839,1.0,0.6692,-0.006500948826135278,-0.03771109074967871,-0.010196277994886871
2025-11-17,58.82,震荡,4,0.0,,0.5029,1.0,0.85,-0.006493988487517255,-0.03262352920067779,-0.010002691356829962
2025-11-18,51.45,震荡,4,0.0,,0.4838,1.0,0.5741,0.004399858079545238,-0.01702819986056625,-0.015463073274840644
2025-11-19,51.52,震荡,4,0.0,,0.4515,1.0,0.6091,-0.005087709976273946,-0.015401525648257475,-0.0018344951962736555
2025-11-20,51.56,震荡,4,0.0,,0.5043,1.0,0.5581,-0.024390352898410628,-0.01085348546006537,-0.002662834100443212
2025-11-21,41.05,震荡,4,0.0,,0.5668,1.0,0.0754,-0.0012483811999961514,0.016403331088262085,0.025725324341551836
2025-11-24,54.43,震荡,4,0.0,,0.4733,1.0,0.704,0.009522582019015013,0.02887509437286173,0.036774717214144825
2025-11-25,60.28,分化,4,0.0,,0.4797,1.0,0.9314,0.006061992586102516,0.014237024114998054,0.0290239763912592
2025-11-26,57.84,震荡,4,0.0,,0.5051,1.0,0.8085,-0.0004920283896928668,0.0029712732939017883,0.025773074815519825
2025-11-27,55.75,震荡,4,0.0,,0.4863,1.0,0.7439,0.0024934431651024713,0.006901643567693405,0.028155406825619567
2025-11-28,58.23,震荡,4,0.0,,0.4015,1.0,0.9278,0.0110067869884507,0.012785404590438088,0.02884651240552194
2025-12-01,74.02,分化,4,0.5,,0.5942,1.0,0.8667,-0.004840155074452679,0.009891629507148503,0.013741220992807168
2025-12-02,68.06,分化,4,0.5,,0.4107,1.0,0.8116,-0.005112953160864575,0.009636643525562594,0.021286775431766047
2025-12-03,65.31,分化,4,0.5,,0.4662,1.0,0.6463,0.0034247701514389384,0.013413826547788554,0.021825168681704366
2025-12-04,60.43,分化,4,0.5,,0.429,1.0,0.4884,0.00835144516969999,0.0012357457267093697,0.03765023645096233
2025-12-05,72.72,分化,4,0.5,,0.5232,1.0,0.8857,0.008118093849742936,-0.0007823691152397672,0.04496790166456943
2025-12-08,75.66,分化,4,0.5,,0.5867,1.0,0.9398,-0.005091421450446942,-0.01507974947609192,0.03351785561089393
2025-12-09,67.58,分化,4,0.5,,0.4967,1.0,0.7067,-0.0013909503131558365,-0.02189295639237354,0.030322668982227574
2025-12-10,81.56,牛市共振,4,1.0,,0.457,1.0,0.8052,-0.008633273294054389,-0.0026029506815292702,0.03638960899073873
2025-12-11,70.08,分化,4,1.0,,0.5164,1.0,0.2869,0.006318987752869765,0.00013351830532015718,0.05222342906641231
2025-12-12,82.88,牛市共振,4,1.0,,0.6068,1.0,0.7083,-0.006306639452515306,-0.002788046147633061,0.03931114725111606
2025-12-15,78.86,分化,4,1.0,,0.4573,1.0,0.697,-0.01197372283965692,0.01308504396559318,0.04171100923195303
2025-12-16,58.22,震荡,4,0.5,,0.4558,1.0,0.3729,0.01830339132077219,0.027388128370651188,0.05644729819282901
2025-12-17,69.14,分化,4,0.5,,0.5466,1.0,0.7188,-0.005913349163459758,0.011830803242446564,0.03318819836785947
2025-12-18,65.46,分化,4,0.5,,0.4348,1.0,0.6837,0.003379354464773998,0.019711660047945223,0.03990144422568265
2025-12-19,72.82,分化,4,0.5,,0.4531,1.0,0.9596,0.009510443561734139,0.019496153181943532,0.03298910346774786
2025-12-22,73.7,分化,4,0.5,,0.5532,1.0,0.8947,0.001975573244433315,0.006017100051641133,0.024166261621314078
2025-12-23,80.76,牛市共振,4,1.0,,0.4947,1.0,0.7356,0.0028836327110881577,0.006611005813989657,0.022285419972553733
2025-12-24,85.18,牛市共振,4,1.0,,0.4704,1.0,0.9368,0.0018293035828247373,-0.0008888752507358877,0.014768479621729558
2025-12-25,85.76,牛市共振,4,1.0,,0.4578,1.0,0.9727,0.0031672992843112535,0.016200198525129217,0.013877825430615331
2025-12-26,87.71,牛市共振,4,1.0,,0.5594,1.0,0.949,-0.0038365856172325463,0.02865512621209132,0.01040354372976271
2025-12-29,82.29,牛市共振,4,1.0,,0.5455,1.0,0.7459,0.0025670930770997913,0.029593164126671345,0.01694610785800088
2025-12-30,81.24,牛市共振,4,1.0,,0.5076,1.0,0.7419,-0.0045884770946363895,0.018569461863179315,0.022055834157371557
2025-12-31,82.53,牛市共振,4,1.0,,0.5038,1.0,0.7975,0.018964869843331567,0.027858376983111555,0.016501425126613345
2026-01-05,90.18,牛市共振,4,1.0,,0.7225,1.0,0.8846,0.0154624909095884,0.015297518049775194,-0.023690509643196744
2026-01-06,93.03,牛市共振,4,1.0,,0.7349,1.0,0.9862,-0.0029281771254092703,-0.0061914622888233906,-0.027258348258450638
2026-01-07,89.97,牛市共振,4,1.0,,0.646,1.0,0.9528,-0.008167245026855396,-0.007271850586658135,-0.016325739179826937
2026-01-08,89.11,牛市共振,4,1.0,,0.6286,1.0,0.936,0.004489247588721934,0.0029077051982020485,-0.014191582094562394
2026-01-09,91.33,牛市共振,4,1.0,,0.6775,1.0,0.9758,0.006512693284052684,-0.0056839131701692525,-0.024233680984187433
2026-01-12,93.71,牛市共振,4,1.0,,0.7959,1.0,0.9526,-0.006029981113445548,-0.011578471478254637,-0.014793496879015877
2026-01-13,80.58,牛市共振,4,1.0,,0.7577,1.0,0.4654,-0.004012113003053819,-0.008854004018120087,-0.007716141566270318
2026-01-14,90.95,牛市共振,4,1.0,,0.8225,1.0,0.8156,0.0020031292739712825,-0.003977578246294855,-0.005928408146673281
2026-01-15,77.09,分化,4,1.0,,0.605,1.0,0.4786,-0.0041159193929286575,-0.005834076074750727,-0.006703519717740414
2026-01-16,69.56,分化,4,0.5,,0.7619,1.0,0.5205,0.0005458303951026977,-0.006208155045925978,-0.015103364570577593
2026-01-19,71.73,分化,4,0.5,,0.6078,1.0,0.7613,-0.003290219893497426,-0.00580670774481451,-0.005684201579586157
2026-01-20,72.54,分化,4,0.5,,0.6575,1.0,0.7442,0.0008881348113625176,-0.002794392955512315,0.003604161684020557
2026-01-21,75.95,分化,4,0.5,,0.6459,1.0,0.8919,0.00013548393489548616,-0.001075105992518588,0.0008055566918223622
2026-01-22,77.43,分化,4,0.5,,0.6721,1.0,0.9252,-0.004490644862106263,0.006384940173390419,-0.0027652422542278066
2026-01-23,80.33,牛市共振,4,0.5,,0.7276,1.0,0.9855,0.0009500060031939483,0.0008173317977517858,0.005565596793839278
2026-01-26,70.78,分化,4,0.5,,0.7473,1.0,0.5839,-0.0002702803760555872,-0.021454190004427387,-0.010849413762246685
2026-01-27,62.6,分化,4,0.0,,0.661,1.0,0.8429,0.0026137708381157587,-0.009687077253975662,-0.021902645642878582
2026-01-28,61.6,分化,4,0.0,,0.7902,1.0,0.6739,0.00760457087734423,-0.004092461889608212,-0.014900260309927638
2026-01-29,60.5,分化,4,0.0,,0.8214,1.0,0.5987,-0.009998086401063921,-0.017554309492327835,-0.01965360977394892
2026-01-30,52.23,震荡,4,0.0,,0.6541,1.0,0.4351,-0.021324468242318484,-0.01333184569470447,-0.019311184076985843
2026-02-02,45.52,震荡,4,0.0,,0.6679,1.0,0.153,0.011751571039204878,0.02454982489176727,0.01493195834397798
2026-02-03,61.68,分化,4,0.0,,0.6194,1.0,0.8478,0.008277877887535423,0.01377397439380923,0.009525209655039335
2026-02-04,61.66,分化,4,0.0,,0.6065,1.0,0.86,-0.006015387460044153,0.0032211790741711877,-0.002367280262691618
2026-02-05,52.93,震荡,4,0.0,,0.5329,1.0,0.5842,-0.005743146631732476,0.010525651361287025,-0.0002738084216344916
2026-02-06,58.43,震荡,4,0.0,,0.5143,1.0,0.8228,0.01625033737324122,0.003619974769983658,0.006021884893127716
2026-02-09,62.6,分化,4,0.0,,0.5484,1.0,0.9558,0.001110328021331597,-0.0024394498060513747,-0.017295133121860373
2026-02-10,68.77,分化,4,0.5,,0.4666,1.0,0.7841,-0.0022177062756191246,0.0024533181200598886,-0.013962547136127545
2026-02-11,66.15,分化,4,0.5,,0.4758,1.0,0.6703,0.0012218332122886366,0.002769601757046658,-0.027698860276440418
2026-02-12,68.92,分化,4,0.5,,0.5469,1.0,0.71,-0.012537646374315758,-0.001892351392433933,-0.032324945153994866
2026-02-13,62.16,分化,4,0.5,,0.4807,1.0,0.5057,0.010114656114909693,0.014647480468223728,-0.052014464148785744
2026-02-24,72.86,分化,4,0.5,,0.5762,1.0,0.838,0.006020506659098812,-0.01097128353978205,-0.04945712668856628
2026-02-25,77.25,分化,4,0.5,,0.6171,1.0,0.973,-0.0019028963916318808,-0.02813857969294775,-0.041897167368351584
2026-02-26,87.58,牛市共振,4,1.0,,0.5931,1.0,0.9101,-0.0034329242419604,-0.01675140942515929,-0.052749365706582396
2026-02-27,89.04,牛市共振,4,1.0,,0.5713,1.0,0.9902,0.003825780276590196,-0.010658387492384458,-0.04417166143359197
2026-03-02,84.17,牛市共振,4,1.0,,0.752,1.0,0.6149,-0.015389658924727434,-0.02394198130349079,-0.050060346793583954
2026-03-03,74.73,分化,4,1.0,,0.737,1.0,0.2523,-0.01144172844746838,0.00405077759250716,-0.044212089608011595
2026-03-04,66.87,分化,4,0.5,,0.5499,1.0,0.625,0.00979167386817359,0.022133284080277038,-0.016633530863379042
2026-03-05,62.55,分化,4,0.0,,0.5602,1.0,0.9419,0.0027426300464266085,0.008578020906333084,-0.03631436772672614
2026-03-06,61.57,分化,4,0.0,,0.4899,1.0,0.9727,-0.009652288121355102,0.0018669915001570114,-0.04713077459011927
2026-03-09,62.78,分化,4,0.0,,0.7082,1.0,0.803,0.012848375450559502,0.012155681029157872,-0.037881183157864484
2026-03-10,60.58,分化,4,0.0,,0.532,1.0,0.8913,0.0063617649194198655,-0.00798266228300848,-0.016942102777466772
2026-03-11,63.55,分化,4,0.0,,0.5867,1.0,0.9552,-0.0035999181123742563,-0.009812634760718919,-0.029391501861017688
2026-03-12,60.34,分化,4,0.0,,0.5714,1.0,0.8421,-0.003929570950994221,-0.022252301362493343,-0.010878708520451807
2026-03-13,68.56,分化,4,0.5,,0.5822,1.0,0.6604,0.000518103976321127,-0.021871715133836345,-0.004922833755252709
2026-03-16,73.48,分化,4,0.5,,0.5978,1.0,0.8415,-0.007303750047816027,-0.054277810592185505,0.006362886429072345
2026-03-17,63.06,分化,4,0.5,,0.5713,1.0,0.4513,0.004505331304397675,-0.03508764060992975,0.010308965344494547
2026-03-18,72.56,分化,4,0.5,,0.5238,1.0,0.8788,-0.01611763471408778,-0.0259463665581271,0.01680328780316298
2026-03-19,53.34,震荡,4,0.0,,0.5671,1.0,0.5667,-0.0035418526381852944,-0.023065897480502473,0.03172867836108728
2026-03-20,45.81,震荡,4,0.0,,0.627,1.0,0.2054,-0.032629782335646285,-0.014111637267723354,0.04169547923164485
2026-03-23,45.08,震荡,4,0.0,,0.6573,1.0,0.1458,0.01283959647687416,0.016739010534887022,0.07922139650114324
2026-03-24,62.05,分化,4,0.0,,0.5044,1.0,0.9777,0.014021696630834857,-0.005513883945068909,0.07260888407289823
2026-03-25,63.14,分化,4,0.0,,0.5674,1.0,0.9583,-0.013208100134136647,-0.0025121512766952403,0.05484596952095888
2026-03-26,52.78,震荡,4,0.0,,0.4791,1.0,0.6322,0.005591358618961317,0.0003081606767367795,0.06517750182282245
2026-03-27,60.22,分化,4,0.0,,0.4749,1.0,0.934,-0.002358608632785697,-0.013721253138596734,0.05960531694589166
2026-03-30,58.23,震荡,4,0.0,,0.4925,1.0,0.8367,-0.009327953338750472,-0.011427954451852629,0.05927454668907717
2026-03-31,49.4,震荡,4,0.0,,0.5347,1.0,0.4412,0.0170823950197585,0.032697772584227236,0.08096483335589122
2026-04-01,60.2,分化,4,0.0,,0.5372,1.0,0.8706,-0.010418030065309614,0.008872361318220001,0.06213785885793821
2026-04-02,49.6,震荡,4,0.0,,0.4517,1.0,0.5323,-0.008512152532686557,0.035198576369213974,0.08890081191778165
2026-04-03,42.02,震荡,4,0.0,,0.4176,1.0,0.2632,-3.88894865052114e-05,0.04624531915939545,0.10352234937355398
2026-04-07,58.34,震荡,4,0.0,,0.4499,1.0,0.8837,0.03489150897571358,0.05870074968424421,0.09712525932774807
2026-04-08,80.68,牛市共振,4,0.5,,0.7588,1.0,0.9683,-0.006382753251184425,0.019516767938417168,0.07752720236680832
2026-04-09,70.78,分化,4,0.5,,0.4831,1.0,0.8481,0.015404808135002224,0.03731398441999234,0.08361894315427443
2026-04-10,74.98,分化,4,0.5,,0.659,1.0,0.8404,0.002068147209394633,0.01986515665528721,0.07802676356022586
2026-04-13,73.13,分化,4,0.5,,0.5417,1.0,0.8835,0.011865532843009508,0.023952560683193846,0.05777734989705263
2026-04-14,87.78,牛市共振,4,1.0,,0.6135,1.0,0.8977,-0.003411259779961817,0.014190443346356663,0.03367356877441807
2026-04-15,83.82,牛市共振,4,1.0,,0.5948,1.0,0.7582,0.010962347679302376,0.024412931622977307,0.031647705870922804
2026-04-16,87.19,牛市共振,4,1.0,,0.5588,1.0,0.9286,-0.0016754818010366046,0.010496879443910867,0.02454826478452099
2026-04-17,88.22,牛市共振,4,1.0,,0.5911,1.0,0.9375,0.006084224584341991,0.008606476288182119,0.025806063588767802
2026-04-20,88.0,牛市共振,4,1.0,,0.6228,1.0,0.8972,0.0022186503212999753,0.0028387104422651355,0.005392751091715997
2026-04-21,83.82,牛市共振,4,1.0,,0.5646,1.0,0.7882,0.006633812898791724,-0.0020530004528106494,0.01617001856335043
2026-04-22,86.59,牛市共振,4,1.0,,0.6184,1.0,0.8452,-0.002770986162049738,0.0022334652255269205,0.025412474761059345
2026-04-23,82.26,牛市共振,4,1.0,,0.6775,1.0,0.6129,-0.003543113317804214,0.004383235555161402,0.0337465429913244
2026-04-24,80.97,牛市共振,4,1.0,,0.6406,1.0,0.5984,0.0003308823591079424,0.0225867204901411,0.029102928672657846
2026-04-27,81.0,牛市共振,4,1.0,,0.615,1.0,0.625,-0.002670036004802201,0.02715664263628681,0.030028923608435232
2026-04-28,79.11,分化,4,1.0,,0.6074,1.0,0.5571,0.010957590906644388,0.023896368723496098,0.028143576648378188
2026-04-29,85.83,牛市共振,4,1.0,,0.6608,1.0,0.7725,-0.000631950278512261,0.029413638118565455,0.007049138328238724
2026-04-30,82.48,牛市共振,4,1.0,,0.6884,1.0,0.6108,0.014516714129485075,0.029276183719412874,0.02231024609641641
2026-05-06,87.42,牛市共振,4,1.0,,0.819,1.0,0.678,0.0048013435543941,0.024860812584020175,0.012654238389375072
2026-05-07,84.17,牛市共振,4,1.0,,0.6931,1.0,0.6736,-0.005835637753443534,0.0028746601016897966,0.000864318238890105
2026-05-08,85.58,牛市共振,4,1.0,,0.6504,1.0,0.773,0.016405139649273703,-0.002528678575118737,-0.011287621316328322
2026-05-11,91.47,牛市共振,4,1.0,,0.8436,1.0,0.815,-0.0007653927837600882,-0.02389273103236078,-0.04810352587159272
2026-05-12,84.88,牛市共振,4,1.0,,0.7167,1.0,0.6783,0.010164657910955333,-0.019232499128696623,-0.029554269548598744
2026-05-13,90.75,牛市共振,4,1.0,,0.739,1.0,0.8908,-0.016754476789772044,-0.029538136618390887,-0.04996627181370972
2026-05-14,77.02,分化,4,1.0,,0.7688,1.0,0.3118,-0.011192046648137222,-0.026756923777129127,-0.03910491462260457
2026-05-15,84.49,牛市共振,4,1.0,,0.7873,1.0,0.5923,-0.005364441345053539,-0.0029831923979967145,-0.016929834469460836
2026-05-18,81.72,牛市共振,4,1.0,,0.6446,1.0,0.6242,0.004005256041260452,0.01822142715468633,0.012038608603491596
2026-05-19,74.7,分化,4,0.5,,0.6599,1.0,0.8282,-0.0004498768896807892,0.01956900590560262,0.006459871113320803
2026-05-20,69.04,分化,4,0.5,,0.6818,1.0,0.5797,-0.013936627703218019,0.011848063166141065,0.016633908508050466
2026-05-21,62.47,分化,4,0.5,,0.8275,1.0,0.1712,0.012961893146399506,0.02741229867439876,0.033137730662238685
2026-05-22,76.2,分化,4,0.5,,0.6775,1.0,0.8706,0.015789533647179166,0.009705835319327782,0.04428449254953826
2026-05-25,77.39,分化,4,0.5,,0.786,1.0,0.8095,0.005334020210592705,-0.015714775857122998,-0.0004493256599980011
2026-05-26,72.45,分化,4,0.5,,0.7965,1.0,0.6017,-0.00801922160402091,-0.00672821623730524,-0.0009761008687148021
2026-05-27,82.71,牛市共振,4,1.0,,0.7964,1.0,0.512,0.0012309879805745272,0.006242182169921895,0.022805316049068658
2026-05-28,77.38,分化,4,0.5,,0.7163,1.0,0.879,-0.004495531360024674,-0.001926635948016453,-0.009359137911250204
2026-05-29,69.73,分化,4,0.5,,0.8298,1.0,0.4596,-0.009784242267255161,-0.015371941002362277,0.00711341724090131
2026-06-01,75.14,分化,4,0.5,,0.6996,1.0,0.8062,0.014512756098171264,-0.026963853847844166,0.02790463822759448
2026-06-02,74.85,分化,4,0.5,,0.7095,1.0,0.7846,0.004934318523100112,-0.022941732453680475,0.009038084413309555
2026-06-03,74.72,分化,4,0.5,,0.8016,1.0,0.687,-0.006897148545385257,-0.03851452772288777,-0.025616175365028915
2026-06-04,68.8,分化,4,0.5,,0.6313,1.0,0.6207,-0.017906230158246328,-0.0371748551922797,-0.012757379822406212
2026-06-05,75.22,分化,4,0.5,,0.763,1.0,0.7458,-0.021441938447014586,-0.008220875750912904,0.005206252235998354
2026-06-08,53.62,震荡,4,0.0,,0.6659,1.0,0.4789,0.018706324319753387,0.03777907491283061,0.016680669304149465
2026-06-09,63.02,分化,4,0.0,,0.6417,1.0,0.8789,-0.011082777817184142,0.017164692001804704,-0.009637364705721518
2026-06-10,53.35,震荡,4,0.0,,0.6371,1.0,0.4968,-0.00551342237528385,0.038494116531186506,0.026896239500995733
2026-06-11,54.74,震荡,4,0.0,,0.6047,1.0,0.585,0.011627193407640402,0.046414076263821435,0.012361161526729836
2026-06-12,64.89,分化,4,0.0,,0.8215,1.0,0.7742,0.023944802867113424,0.05909957142085043,-0.01715137141936851
2026-06-15,68.17,分化,4,0.0,,0.7919,1.0,0.9349,-0.0015291985878318481,0.005657200711260302,-0.019463653690529492
2026-06-16,65.8,分化,4,0.0,,0.7334,1.0,0.8987,0.009654311684853756,0.012036180425656129,-0.019951836032693238
2026-06-17,74.53,分化,4,0.5,,0.7399,1.0,0.7413,0.002070918762576923,0.017990418555951182,-0.04723858470542386
2026-06-18,73.37,分化,4,0.5,,0.8403,1.0,0.5946,0.023890973257115533,-0.014849061192465096,-0.08347567930750188
2026-06-22,79.05,分化,4,0.5,,0.8243,1.0,0.8376,-0.027723651372339675,-0.026234420340883857,-0.09117955833459257
2026-06-23,71.21,分化,4,0.5,,0.731,1.0,0.6176,0.004804197109151254,0.012206157435094456,-0.0366219076933586
2026-06-24,80.86,牛市共振,4,1.0,,0.6896,1.0,0.5446,0.01559453627101659,0.003228310014625313,-0.0456756221303346
2026-06-25,81.78,牛市共振,4,1.0,,0.8113,1.0,0.4598,-0.030255011858519643,-0.041395179916399405,-0.05818644626431824
2026-06-26,75.58,分化,4,1.0,,0.7517,1.0,0.2714,0.012057896720166994,-0.005350373919998042,-0.04499155286824008
2026-06-29,72.17,分化,4,0.5,,0.749,1.0,0.638,0.010658137201712714,-0.017236525611025733,-0.04556472490628527
2026-06-30,89.52,牛市共振,4,1.0,,0.7033,1.0,0.8774,-0.004107998003306745,-0.037588698857428104,-0.08232048035671846
2026-07-01,80.8,牛市共振,4,0.5,,0.8004,1.0,0.9316,-0.029579002105938224,-0.04102529366286867,-0.07233646744057487
2026-07-02,72.98,分化,4,0.5,,0.7247,1.0,0.6947,0.006208679154940722,0.01330275693573868,-0.054563479962380534
2026-07-03,73.5,分化,4,0.5,,0.677,1.0,0.763,-3.6285356719178985e-05,-0.012677570819072614,-0.052451009760348
2026-07-06,64.51,分化,4,0.5,,0.6681,1.0,0.4124,-0.010271710149405311,-0.03027985554723478,-0.061714172537865486
2026-07-07,56.66,震荡,4,0.5,,0.5673,1.0,0.1989,-0.0076641462704545305,0.0008846760978700186,-0.03992519274403661
2026-07-08,48.68,震荡,4,0.0,,0.6155,1.0,0.3315,0.025397506374573497,0.006571081463031536,-0.0204769651726584
2026-07-09,64.36,分化,4,0.0,,0.7378,1.0,0.8364,-0.01958976173081617,-0.036477994386126755,-0.04614197715999535
2026-07-10,61.63,分化,4,0.0,,0.7964,1.0,0.669,-0.01786394276908443,-0.0526464399677149,-0.018061922737527714
2026-07-13,43.66,震荡,4,0.0,,0.6429,1.0,0.1033,0.021535836373731465,-0.020671838697716383,0.0014145171969996984
2026-07-14,62.28,分化,4,0.0,,0.6874,1.0,0.8039,-0.0020263100067507978,-0.011940639240846873,-0.02766876778118732
2026-07-15,56.14,震荡,4,0.0,,0.6352,1.0,0.6103,-0.018456738835110675,-0.014527210217267439,-0.020027292652593287
2026-07-16,52.15,震荡,4,0.0,,0.6044,1.0,0.4815,-0.03604160143217072,0.0062930324194798715,-0.0073392745464320175
2026-07-17,45.64,震荡,4,0.0,,0.7127,1.0,0.1129,0.015284619866577032,0.026516642297193416,0.030201594565696155
2026-07-20,47.25,震荡,4,0.0,,0.6915,1.0,0.1983,0.030643338324720437,0.022640090704415305,0.03104987803373782
2026-07-21,64.78,分化,4,0.0,,0.7502,1.0,0.841,-0.0046388350070549755,-0.0358086116418056,-0.002830692682123548
2026-07-22,60.09,分化,4,0.0,,0.6638,1.0,0.7397,0.0022804840164942775,-0.02479875856331548,-0.027250804611726576
2026-07-23,63.25,分化,4,0.0,,0.5494,1.0,0.9808,-0.016668796530491914,-0.03770762100809699,-0.02860646119043353
2026-07-24,43.1,震荡,4,0.0,,0.4969,1.0,0.2273,0.011450485038076552,-0.013119463325205638,-0.006516509095548906
2026-07-27,74.51,分化,4,0.5,,0.5096,1.0,0.9709,-0.02826278735373078,-0.03386529832933938,-0.029623127392594317
2026-07-28,64.48,分化,4,0.5,,0.5571,1.0,0.5221,0.00672693772118671,0.006873123641885082,-0.0038277295214699247
2026-07-29,62.39,分化,4,0.0,,0.624,1.0,0.8716,-0.010986829794752628,0.012584608217131477,-0.0020583391069169954
2026-07-30,49.16,震荡,4,0.0,,0.6347,1.0,0.3315,0.008456937823493771,0.022328780181444685,0.017705902391665918
2026-07-31,66.08,分化,4,0.0,,0.6434,1.0,1.0,-0.009811850267625766,0.02315500067477494,0.004572515285307777
2026-08-03,59.19,震荡,4,0.0,,0.4703,1.0,0.8971,0.012711872334478791,0.03496376248159838,0.01802881115314392
2026-08-04,64.65,分化,4,0.0,,0.5929,1.0,0.9932,0.012437593057265106,0.013662084520991602,0.0022841032326852417
2026-08-05,67.59,分化,4,0.0,,0.7119,1.0,0.9915,-0.0014694874144267622,0.00703317100940537,-0.023657221016845198
2026-08-06,63.5,分化,4,0.0,,0.5617,1.0,0.9783,0.009271947441557238,0.0027178365973385965,-0.021226580091482927
2026-08-07,76.73,分化,4,0.5,,0.6237,1.0,0.9457,0.001616424037262032,-0.006082796092779175,-0.03118299714992412
2026-08-10,75.45,分化,4,0.5,,0.5698,1.0,0.9481,-0.008131816066385134,0.008309909558748219,-0.027009683721993083
2026-08-11,68.72,分化,4,0.5,,0.514,1.0,0.7349,0.00581668719253936,0.013299208859955503,-0.022524948439452186
2026-08-12,74.49,分化,4,0.5,,0.4795,1.0,1.0,-0.005748386269506245,-0.0217912640312401,-0.02522257644108561
2026-08-13,79.59,分化,4,1.0,,0.6018,1.0,0.5818,0.0004137907700709764,-0.015266218581656221,-0.024777595769492677
2026-08-14,80.9,牛市共振,4,1.0,,0.4471,1.0,0.7889,0.01612062047357754,-0.010070123517075369,-0.03337543184768621
2026-08-17,89.41,牛市共振,4,1.0,,0.5836,1.0,0.9929,-0.003223873389162746,-0.03753803364667785,
2026-08-18,84.7,牛市共振,4,1.0,,0.5131,1.0,0.875,-0.029014666554544877,-0.03677267494311143,
2026-08-19,55.5,震荡,4,0.5,,0.5968,1.0,0.123,0.0008836716230136155,0.00045721055145198086,
2026-08-20,69.91,分化,4,0.5,,0.4472,1.0,0.8491,0.005692623748941417,0.008170833755738238,
2026-08-21,67.07,分化,4,0.5,,0.4472,1.0,0.7356,-0.012074012850519011,-0.0021041395353589287,
2026-08-24,68.19,分化,4,0.5,,0.5428,1.0,0.6849,-0.002431227746343967,0.013578321495616663,
2026-08-25,71.21,分化,4,0.5,,0.4143,1.0,0.9341,0.008515075221561474,0.01305060952331516,
2026-08-26,60.26,分化,4,0.0,,0.4597,1.0,0.9508,0.008600582883983021,-0.009331197319156215,
2026-08-27,62.3,分化,4,0.0,,0.5475,1.0,0.9444,-0.004557092372659333,-0.016780551141972633,
2026-08-28,58.17,震荡,4,0.0,,0.4752,1.0,0.8515,0.0034517663502744433,-0.013261913777047107,
2026-08-31,59.05,震荡,4,0.0,,0.5177,1.0,0.8443,-0.0029506044665718045,-0.010823949616333484,
2026-09-01,70.64,分化,4,0.5,,0.4641,1.0,0.8614,-0.013766525913796124,-0.011428600796532185,
2026-09-02,64.92,分化,4,0.5,,0.4258,1.0,0.6709,0.0010163906822404645,0.005418610149671821,
2026-09-03,52.3,震荡,4,0.0,,0.4157,1.0,0.6761,-0.0009947110411102633,-0.000920050053394017,
2026-09-04,55.64,震荡,4,0.0,,0.5062,1.0,0.7193,0.005931025514913646,-0.008332032592694327,
2026-09-07,61.26,分化,4,0.0,,0.4876,1.0,0.963,-0.00356006836684708,,
2026-09-08,60.17,分化,4,0.0,,0.4413,1.0,0.9655,0.0030408421665728547,,
2026-09-09,54.93,震荡,4,0.0,,0.4093,1.0,0.7879,-0.005294515734430738,,
2026-09-10,47.87,震荡,4,0.0,,0.3821,1.0,0.5325,-0.008406139684861702,,
2026-09-11,52.3,震荡,4,0.0,,0.5408,1.0,0.5513,,,
