date,指数多头,量能,宽度,涨跌停,fwd1,fwd5
2025-03-26,,,0.434,0.9118,0.0033309035129995834,-0.008922637055006732
2025-03-27,,0.7733,0.4041,0.5392,-0.0043856035430671625,-0.018031935616105277
2025-03-28,,0.7773,0.2887,0.3333,-0.0071159179457525035,-0.08319570613353311
2025-03-31,,0.864,0.1982,0.5111,9.723957928708948e-05,-0.06085113958098487
2025-04-01,,0.6733,0.2908,0.766,-0.0008483199766237126,-0.05167343847905337
2025-04-02,,0.5677,0.2916,0.7313,-0.0058910211292080294,-0.03842846720176629
2025-04-03,,0.7652,0.2747,0.5644,-0.07045494979545541,-0.028741658364631717
2025-04-07,,1.0,0.0513,0.0075,0.01708288282214432,0.04727783518380724
2025-04-08,,0.7171,0.0798,0.4308,0.009870550206135142,0.03026110460865805
2025-04-09,,0.6907,0.1118,0.9375,0.013106509341178185,0.023333552132286384
2025-04-10,,0.6095,0.1496,0.9945,0.004123567815180973,0.00993463387338811
2025-04-11,,0.4725,0.1639,0.8525,0.002299682950377191,0.005867457739826332
2025-04-14,,0.5106,0.2142,0.9779,0.0005567759877120881,0.006846934752664291
2025-04-15,,0.4202,0.2309,0.8764,0.00308010533774139,0.0060398246852431114
2025-04-16,,0.5335,0.2169,0.8116,-0.00015850212838142141,0.0037272915219914715
2025-04-17,,0.3914,0.251,0.8839,7.979381913369998e-05,0.0032170428993838485
2025-04-18,,,0.2459,0.6408,0.003275685794360994,0.0038358149174968492
2025-04-21,,0.8404,0.356,0.8808,-0.00024529175372134393,-0.0008617973312023963
2025-04-22,,0.802,0.4068,0.7642,0.0007743755325448909,-0.0023455634561134753
2025-04-23,0.5,0.8351,0.4959,0.6496,-0.0006667753928667475,-0.004307474665703914
2025-04-24,0.5,0.6652,0.4564,0.6381,0.0006966308203342209,0.006390781166704773
2025-04-25,0.5,0.7501,0.5251,0.7339,-0.001419305239403923,0.011785945141656873
2025-04-28,1.0,0.7024,0.4264,0.3649,-0.0017299734177331771,0.01884840957528544
2025-04-29,1.0,0.6669,0.5396,0.6,-0.0011936711113711418,0.018828730022889317
2025-04-30,0.5,0.8424,0.6325,0.6901,0.01007059806997379,0.031835792488165815
2025-05-06,1.0,0.8189,0.8028,0.8974,0.006061269004120851,0.023031357088213023
2025-05-07,1.0,0.8135,0.8499,0.8899,0.005550983955379785,0.029121780382067364
2025-05-08,1.0,0.6908,0.8529,0.8974,-0.0017492554886566758,0.0140940466007351
2025-05-09,1.0,0.6301,0.7904,0.7,0.011557771724635346,0.011161480008380353
2025-05-12,1.0,0.8733,0.8186,0.9579,0.0014518804456762346,-0.0034607173127829682
2025-05-13,1.0,0.7229,0.8163,0.8375,0.012050664094831687,0.0004907785502825668
2025-05-14,1.0,0.8388,0.8167,0.9053,-0.009132557660878726,-0.006804125206798406
2025-05-15,1.0,0.6047,0.7332,0.6792,-0.004636006272728532,0.0017060558366208678
2025-05-16,1.0,0.5652,0.7295,0.8333,-0.003070156289188164,-0.0017513886426869796
2025-05-19,1.0,0.5243,0.7654,0.9835,0.005422855831583195,-0.0043946250866585546
2025-05-20,1.0,0.5968,0.8091,0.875,0.004671473451456354,-0.015077226611816985
2025-05-21,1.0,0.6229,0.7627,0.8652,-0.0006423277491894863,-0.02046381752417481
2025-05-22,1.0,0.553,0.6091,0.6076,-0.008071560769940644,-0.014094839395461078
2025-05-23,0.5,0.6734,0.4616,0.5604,-0.005709900802728041,-0.010829168399006162
2025-05-26,0.5,0.5716,0.5396,0.9341,-0.0053650848563330245,-0.0020968332300242976
2025-05-27,0.5,0.5061,0.5316,0.9495,-0.0008231240693037378,0.007643387949810565
2025-05-28,0.5,0.4873,0.4748,0.8193,0.005855530391425834,0.010770738176055117
2025-05-29,0.5,0.6512,0.6203,0.8768,-0.004785938517424926,0.003960997432347568
2025-05-30,0.5,0.5649,0.4596,0.5495,0.0030676269245482057,0.011721582571970979
2025-06-03,0.0,0.6534,0.5042,0.8515,0.004343235940006185,0.003492330126533494
2025-06-04,0.0,0.5844,0.588,0.9565,0.002277949253231437,0.006690105977318783
2025-06-05,0.0,0.6542,0.6242,0.8351,-0.0009210957304880418,0.003776477021335989
2025-06-06,0.5,0.5538,0.6389,0.8947,0.0029070330980449643,-0.0025301859137728533
2025-06-09,0.5,0.7515,0.7302,0.9596,-0.005091235023245155,-0.002947252321918725
2025-06-10,0.5,0.6964,0.616,0.9531,0.007543723327272378,0.0012711018585809253
2025-06-11,0.5,0.6782,0.6847,0.8659,-0.0006229097475155543,-0.005046544658520613
2025-06-12,0.5,0.6911,0.6612,0.9048,-0.007198244118646335,-0.012617031522949795
2025-06-13,0.5,0.8183,0.4488,0.5818,0.002487693256285839,-0.004538579987248048
2025-06-16,1.0,0.6233,0.5122,0.9176,-0.0008819516551094031,-0.004102824127171778
2025-06-17,1.0,0.5925,0.505,0.8312,0.0011864989125354164,0.008695686773381839
2025-06-18,0.5,0.6422,0.4432,0.726,-0.008227055543231554,0.02196026870705703
2025-06-19,0.5,0.6448,0.2952,0.4457,0.0009245422018608895,0.02678268473045864
2025-06-20,0.5,0.5829,0.2532,0.5312,0.002926524815408671,0.019527019953469615
2025-06-23,0.5,0.6544,0.3475,0.9565,0.011957951441788905,0.020264254536714876
2025-06-24,0.5,0.8057,0.5752,0.8281,0.014352333286424601,0.009919943836557588
2025-06-25,1.0,0.8459,0.6613,0.9239,-0.00354708716738128,-0.004136622766558795
2025-06-26,1.0,0.7256,0.6131,0.9125,-0.006148398405025679,0.005587428039826037
2025-06-27,1.0,0.7791,0.6639,0.7922,0.003651755342974017,0.01541288449786471
2025-06-30,1.0,0.6472,0.7441,0.9412,0.0016978571391006447,0.007392000836568435
2025-07-01,1.0,0.555,0.7786,0.869,0.00023407448889889437,0.014124793735964758
2025-07-02,1.0,0.6181,0.7489,0.7619,0.006182720125535335,0.01209926787000648
2025-07-03,1.0,0.6658,0.7841,0.8684,0.003562388906882541,0.01057358498630423
2025-07-04,1.0,0.6974,0.692,0.678,-0.004276225568990322,0.008187326644339743
2025-07-07,1.0,0.5284,0.7276,0.8913,0.008392593859549047,0.013238559532788408
2025-07-08,1.0,0.744,0.8264,0.9529,-0.001763707246055457,0.00515491905156229
2025-07-09,1.0,0.7157,0.8002,0.9265,0.004665956105733837,0.003958835903366875
2025-07-10,1.0,0.8048,0.7985,0.8193,0.0011926860393338679,0.006101384472906979
2025-07-11,1.0,0.8552,0.8178,0.8072,0.0007125622726074088,0.01089506917767169
2025-07-14,1.0,0.5794,0.8215,0.7742,0.00034761460367627173,0.016910158674642073
2025-07-15,1.0,0.698,0.7088,0.6207,-0.0029515575814113015,0.024854988638649322
2025-07-16,1.0,0.5766,0.7428,0.8312,0.00681001374051049,0.028091072725833888
2025-07-17,1.0,0.6566,0.786,0.9178,0.005962982691001262,0.028391636020504096
2025-07-18,1.0,0.6966,0.7702,0.9153,0.006667063195941569,0.01690624081722225
2025-07-21,1.0,0.7244,0.8251,0.9795,0.008163046119558537,0.012291196275549865
2025-07-22,1.0,0.8386,0.7984,0.9297,0.00019672450184127221,0.008027879476902644
2025-07-23,1.0,0.8086,0.7181,0.6383,0.0071043554995868785,0.007638633093097313
2025-07-24,1.0,0.8071,0.789,0.9765,-0.005271922389312067,-0.017701843473646672
2025-07-25,1.0,0.7071,0.7935,0.6282,0.0020984873048641717,-0.017502287406406136
2025-07-28,1.0,0.6902,0.8027,0.8312,0.003917115239085778,-0.015745809505152586
2025-07-29,1.0,0.7391,0.7644,0.8793,-0.00018949790929712051,-0.01169903926631266
2025-07-30,1.0,0.7561,0.6962,0.8358,-0.018222684852631565,-0.009094323406519278
2025-07-31,1.0,0.8211,0.4946,0.6944,-0.0050698411558057765,0.009587517020843483
2025-08-01,0.5,0.5847,0.5357,0.8438,0.0038900068425371526,0.012340118639820208
2025-08-04,0.5,0.5254,0.6156,0.9451,0.008044729775498416,0.01272711590823028
2025-08-05,0.5,0.5816,0.7029,0.9375,0.0024455519136337145,0.009839330319609152
2025-08-06,0.5,0.5756,0.7362,0.8632,0.00028705585229782393,0.015337942628309342
2025-08-07,0.5,0.6694,0.717,0.8706,-0.0023572022613742583,0.014253186042317845
2025-08-08,0.5,0.5484,0.6885,0.8987,0.004273773803145531,0.02372404025961794
2025-08-11,1.0,0.6736,0.7936,0.87,0.005170295984199713,0.028356967717681814
2025-08-12,1.0,0.6795,0.764,0.8806,0.00790390482687342,0.01919697288389477
2025-08-13,0.5,0.8058,0.7636,0.963,-0.0007816208179632911,0.02270236760356159
2025-08-14,1.0,0.801,0.5228,0.4537,0.006958548113727536,0.027497960792828957
2025-08-15,1.0,0.8139,0.6548,0.9832,0.008818677858427604,0.04179667616237781
2025-08-18,1.0,0.845,0.7493,0.9916,-0.003783165709871472,0.05420779412241661
2025-08-19,1.0,0.697,0.7881,0.906,0.011370458515621573,0.05427328826967992
2025-08-20,1.0,0.7035,0.8365,0.8712,0.0039038526937729134,0.02686025959008509
2025-08-21,1.0,0.7347,0.8511,0.76,0.020971435942042538,0.040976773074193895
2025-08-22,1.0,0.842,0.8433,0.9213,0.02083692277864846,0.027126875831844366
2025-08-25,1.0,0.8437,0.873,0.9223,-0.0037212743328440823,0.012192145222959194
2025-08-26,1.0,0.6099,0.8769,0.8462,-0.014927018327870134,0.008503431878588374
2025-08-27,1.0,0.8219,0.5721,0.2439,0.017704778516881126,0.016803664536267693
2025-08-28,1.0,0.727,0.5528,0.9136,0.00738770396941435,-0.022082955664053605
2025-08-29,1.0,0.8248,0.5091,0.7755,0.005993649960034597,-0.008102324182765464
2025-09-01,1.0,0.7415,0.5389,0.9485,-0.00735199469302994,-0.012409678416466563
2025-09-02,1.0,0.7636,0.4167,0.5955,-0.006819624069982377,-0.012068805177063768
2025-09-03,1.0,0.6419,0.2961,0.4141,-0.021216303869546982,-0.003243330193602123
2025-09-04,1.0,0.7939,0.2473,0.4457,0.021789657928137807,0.041882535507754115
2025-09-05,1.0,0.6512,0.3544,0.9623,0.0016250834104036826,0.013827042061442585
2025-09-08,0.5,0.6993,0.453,0.93,-0.007009375761109604,0.014657263709584756
2025-09-09,0.5,0.571,0.4043,0.8193,0.0020527433658958927,0.019628770948058483
2025-09-10,0.5,0.5769,0.4043,0.9452,0.02309587678617797,0.023768150056703075
2025-09-11,1.0,0.7592,0.4809,0.9483,-0.0057247806717385386,-0.010977379349255023
2025-09-12,1.0,0.6967,0.4544,0.875,0.002445312890452467,-0.0044401832995060175
2025-09-15,1.0,0.6206,0.4382,0.81,-0.0021440283647959912,-0.002304780856762889
2025-09-16,1.0,0.6432,0.5203,0.9588,0.006120769210039123,-0.0007867201218957343
2025-09-17,1.0,0.6375,0.5462,0.9333,-0.011626836427765741,0.0033064653815197964
2025-09-18,1.0,0.8761,0.3968,0.8442,0.0008471337622097952,0.021204132669973008
2025-09-19,1.0,0.5751,0.3723,0.6598,0.004595484215122125,0.010690817550158327
2025-09-22,1.0,0.5888,0.3721,0.8384,-0.0006257230341430997,0.02154615213169042
2025-09-23,1.0,0.7278,0.3144,0.7037,0.010242250609604042,0.026752508049012302
2025-09-24,0.5,0.6343,0.3904,0.8818,0.006004440404209221,0.03140801058100107
2025-09-25,1.0,0.6914,0.3781,0.7361,-0.00945660568359008,0.005082543492281211
2025-09-26,1.0,0.6064,0.3198,0.4264,0.015385351809531267,0.009654797760735967
2025-09-29,1.0,0.7269,0.3912,0.8293,0.00446763292402208,-0.017529756369883964
2025-09-30,1.0,0.6664,0.4195,0.8125,0.014822892311246116,-0.007413891910767245
2025-10-09,1.0,0.8595,0.4696,0.8026,-0.019672630662990076,-0.019335502290910078
2025-10-10,1.0,0.7355,0.4599,0.6759,-0.004950491939920476,-0.022222934109761616
2025-10-13,1.0,0.677,0.4077,0.9186,-0.011953495211176945,-0.012137279266762002
2025-10-14,1.0,0.7895,0.3699,0.5732,0.014809990358365388,0.015158872828506142
2025-10-15,1.0,0.5728,0.462,0.9271,0.0026342035633508676,-0.0029780813309564502
2025-10-16,0.5,0.5747,0.3889,0.7467,-0.02255906985368905,-0.002614984192219172
2025-10-17,0.5,0.5885,0.2628,0.2396,0.005313326102133198,0.032441602225139254
2025-10-20,0.5,0.5329,0.3337,0.9196,0.015347735117563044,0.03917802488248667
2025-10-21,0.5,0.6017,0.4632,0.9643,-0.003320730623673107,0.018251702548562676
2025-10-22,0.5,0.4668,0.4729,0.8022,0.002999344593550113,0.03380847760622063
2025-10-23,0.5,0.4837,0.5084,0.9048,0.011796511885009409,0.022483402078007808
2025-10-24,1.0,0.6465,0.5476,0.76,0.011872743557892473,-0.004294627601295065
2025-10-27,1.0,0.7118,0.6216,0.7634,-0.005098707625962318,-0.013277258914967116
2025-10-28,1.0,0.5677,0.6051,0.7957,0.011906462377341054,-0.015616884410886489
2025-10-29,1.0,0.6755,0.5954,0.8929,-0.00798822571402924,-0.025396992289837828
2025-10-30,1.0,0.7239,0.4781,0.5357,-0.014701636612666436,-0.0035049069929347088
2025-10-31,1.0,0.6628,0.5742,0.7156,0.0027442603301301993,0.008215800674885587
2025-11-03,1.0,0.5519,0.6264,0.8761,-0.0074577253445586855,0.00894998816779835
2025-11-04,1.0,0.5327,0.5604,0.8118,0.0018529027329989844,0.007245871618826172
2025-11-05,0.5,0.5114,0.5983,0.9121,0.01429490516735954,0.00403066006491537
2025-11-06,0.5,0.6217,0.6258,0.8119,-0.0031126241188909054,0.0018474014761826751
2025-11-07,0.5,0.5366,0.6065,0.7471,0.003474463421602847,-0.010826421438821954
2025-11-10,0.5,0.6474,0.6562,0.8624,-0.009134129265100266,-0.020659670405689168
2025-11-11,0.5,0.4932,0.6538,0.866,-0.001345094021268145,-0.018050239184311145
2025-11-12,1.0,0.5487,0.6069,0.8478,0.012089327039823683,-0.012401386605188636
2025-11-13,1.0,0.5622,0.6556,0.991,-0.01572370046595184,-0.029162770690668416
2025-11-14,1.0,0.4839,0.6146,0.6692,-0.006500948826135278,-0.03771109074967871
2025-11-17,0.0,0.5029,0.591,0.85,-0.006493988487517255,-0.03262352920067779
2025-11-18,0.0,0.4838,0.4905,0.5741,0.004399858079545238,-0.01702819986056625
2025-11-19,0.0,0.4515,0.3531,0.6091,-0.005087709976273946,-0.015401525648257475
2025-11-20,0.0,0.5043,0.2932,0.5581,-0.024390352898410628,-0.01085348546006537
2025-11-21,0.0,0.5668,0.1352,0.0754,-0.0012483811999961514,0.016403331088262085
2025-11-24,0.0,0.4733,0.1729,0.704,0.009522582019015013,0.02887509437286173
2025-11-25,0.0,0.4797,0.2367,0.9314,0.006061992586102516,0.014237024114998054
2025-11-26,0.0,0.5051,0.2182,0.8085,-0.0004920283896928668,0.0029712732939017883
2025-11-27,0.0,0.4863,0.2306,0.7439,0.0024934431651024713,0.006901643567693405
2025-11-28,0.0,0.4015,0.3007,0.9278,0.0110067869884507,0.012785404590438088
2025-12-01,0.5,0.5942,0.3707,0.8667,-0.004840155074452679,0.009891629507148503
2025-12-02,0.5,0.4107,0.3346,0.8116,-0.005112953160864575,0.009636643525562594
2025-12-03,0.5,0.4662,0.2891,0.6463,0.0034247701514389384,0.013413826547788554
2025-12-04,0.5,0.429,0.2521,0.4884,0.00835144516969999,0.0012357457267093697
2025-12-05,0.5,0.5232,0.3448,0.8857,0.008118093849742936,-0.0007823691152397672
2025-12-08,0.5,0.5867,0.4167,0.9398,-0.005091421450446942,-0.01507974947609192
2025-12-09,0.5,0.4967,0.3675,0.7067,-0.0013909503131558365,-0.02189295639237354
2025-12-10,1.0,0.457,0.3815,0.8052,-0.008633273294054389,-0.0026029506815292702
2025-12-11,1.0,0.5164,0.2886,0.2869,0.006318987752869765,0.00013351830532015718
2025-12-12,1.0,0.6068,0.3361,0.7083,-0.006306639452515306,-0.002788046147633061
2025-12-15,1.0,0.4573,0.3289,0.697,-0.01197372283965692,0.01308504396559318
2025-12-16,0.5,0.4558,0.2572,0.3729,0.01830339132077219,0.027388128370651188
2025-12-17,0.5,0.5466,0.306,0.7188,-0.005913349163459758,0.011830803242446564
2025-12-18,0.5,0.4348,0.3235,0.6837,0.003379354464773998,0.019711660047945223
2025-12-19,0.5,0.4531,0.4286,0.9596,0.009510443561734139,0.019496153181943532
2025-12-22,0.5,0.5532,0.4848,0.8947,0.001975573244433315,0.006017100051641133
2025-12-23,1.0,0.4947,0.419,0.7356,0.0028836327110881577,0.006611005813989657
2025-12-24,1.0,0.4704,0.5225,0.9368,0.0018293035828247373,-0.0008888752507358877
2025-12-25,1.0,0.4578,0.6251,0.9727,0.0031672992843112535,0.016200198525129217
2025-12-26,1.0,0.5594,0.5886,0.949,-0.0038365856172325463,0.02865512621209132
2025-12-29,1.0,0.5455,0.5676,0.7459,0.0025670930770997913,0.029593164126671345
2025-12-30,1.0,0.5076,0.53,0.7419,-0.0045884770946363895,0.018569461863179315
2025-12-31,1.0,0.5038,0.5349,0.7975,0.018964869843331567,0.027858376983111555
2026-01-05,1.0,0.7225,0.7008,0.8846,0.0154624909095884,0.015297518049775194
2026-01-06,1.0,0.7349,0.8012,0.9862,-0.0029281771254092703,-0.0061914622888233906
2026-01-07,1.0,0.646,0.7734,0.9528,-0.008167245026855396,-0.007271850586658135
2026-01-08,1.0,0.6286,0.8288,0.936,0.004489247588721934,0.0029077051982020485
2026-01-09,1.0,0.6775,0.8695,0.9758,0.006512693284052684,-0.0056839131701692525
2026-01-12,1.0,0.7959,0.8911,0.9526,-0.006029981113445548,-0.011578471478254637
2026-01-13,1.0,0.7577,0.8476,0.4654,-0.004012113003053819,-0.008854004018120087
2026-01-14,1.0,0.8225,0.8247,0.8156,0.0020031292739712825,-0.003977578246294855
2026-01-15,1.0,0.605,0.7962,0.4786,-0.0041159193929286575,-0.005834076074750727
2026-01-16,0.5,0.7619,0.7577,0.5205,0.0005458303951026977,-0.006208155045925978
2026-01-19,0.5,0.6078,0.812,0.7613,-0.003290219893497426,-0.00580670774481451
2026-01-20,0.5,0.6575,0.7678,0.7442,0.0008881348113625176,-0.002794392955512315
2026-01-21,0.5,0.6459,0.7753,0.8919,0.00013548393489548616,-0.001075105992518588
2026-01-22,0.5,0.6721,0.8025,0.9252,-0.004490644862106263,0.006384940173390419
2026-01-23,0.5,0.7276,0.8469,0.9855,0.0009500060031939483,0.0008173317977517858
2026-01-26,0.5,0.7473,0.7317,0.5839,-0.0002702803760555872,-0.021454190004427387
2026-01-27,0.0,0.661,0.6711,0.8429,0.0026137708381157587,-0.009687077253975662
2026-01-28,0.0,0.7902,0.5748,0.6739,0.00760457087734423,-0.004092461889608212
2026-01-29,0.0,0.8214,0.4906,0.5987,-0.009998086401063921,-0.017554309492327835
2026-01-30,0.0,0.6541,0.4573,0.4351,-0.021324468242318484,-0.01333184569470447
2026-02-02,0.0,0.6679,0.2847,0.153,0.011751571039204878,0.02454982489176727
2026-02-03,0.0,0.6194,0.3945,0.8478,0.008277877887535423,0.01377397439380923
2026-02-04,0.0,0.6065,0.4411,0.86,-0.006015387460044153,0.0032211790741711877
2026-02-05,0.0,0.5329,0.385,0.5842,-0.005743146631732476,0.010525651361287025
2026-02-06,0.0,0.5143,0.3869,0.8228,0.01625033737324122,0.003619974769983658
2026-02-09,0.0,0.5484,0.506,0.9558,0.001110328021331597,-0.0024394498060513747
2026-02-10,0.5,0.4666,0.5029,0.7841,-0.0022177062756191246,0.0024533181200598886
2026-02-11,0.5,0.4758,0.4927,0.6703,0.0012218332122886366,0.002769601757046658
2026-02-12,0.5,0.5469,0.4455,0.71,-0.012537646374315758,-0.001892351392433933
2026-02-13,0.5,0.4807,0.3729,0.5057,0.010114656114909693,0.014647480468223728
2026-02-24,0.5,0.5762,0.5193,0.838,0.006020506659098812,-0.01097128353978205
2026-02-25,0.5,0.6171,0.6114,0.973,-0.0019028963916318808,-0.02813857969294775
2026-02-26,1.0,0.5931,0.6017,0.9101,-0.0034329242419604,-0.01675140942515929
2026-02-27,1.0,0.5713,0.655,0.9902,0.003825780276590196,-0.010658387492384458
2026-03-02,1.0,0.752,0.4724,0.6149,-0.015389658924727434,-0.02394198130349079
2026-03-03,1.0,0.737,0.2848,0.2523,-0.01144172844746838,0.00405077759250716
2026-03-04,0.5,0.5499,0.2712,0.625,0.00979167386817359,0.022133284080277038
2026-03-05,0.0,0.5602,0.3259,0.9419,0.0027426300464266085,0.008578020906333084
2026-03-06,0.0,0.4899,0.4362,0.9727,-0.009652288121355102,0.0018669915001570114
2026-03-09,0.0,0.7082,0.3702,0.803,0.012848375450559502,0.012155681029157872
2026-03-10,0.0,0.532,0.4874,0.8913,0.0063617649194198655,-0.00798266228300848
2026-03-11,0.0,0.5867,0.4661,0.9552,-0.0035999181123742563,-0.009812634760718919
2026-03-12,0.0,0.5714,0.4099,0.8421,-0.003929570950994221,-0.022252301362493343
2026-03-13,0.5,0.5822,0.3682,0.6604,0.000518103976321127,-0.021871715133836345
2026-03-16,0.5,0.5978,0.3602,0.8415,-0.007303750047816027,-0.054277810592185505
2026-03-17,0.5,0.5713,0.2568,0.4513,0.004505331304397675,-0.03508764060992975
2026-03-18,0.5,0.5238,0.2983,0.8788,-0.01611763471408778,-0.0259463665581271
2026-03-19,0.0,0.5671,0.1945,0.5667,-0.0035418526381852944,-0.023065897480502473
2026-03-20,0.0,0.627,0.1464,0.2054,-0.032629782335646285,-0.014111637267723354
2026-03-23,0.0,0.6573,0.0775,0.1458,0.01283959647687416,0.016739010534887022
2026-03-24,0.0,0.5044,0.1276,0.9777,0.014021696630834857,-0.005513883945068909
2026-03-25,0.0,0.5674,0.1779,0.9583,-0.013208100134136647,-0.0025121512766952403
2026-03-26,0.0,0.4791,0.1566,0.6322,0.005591358618961317,0.0003081606767367795
2026-03-27,0.0,0.4749,0.2009,0.934,-0.002358608632785697,-0.013721253138596734
2026-03-30,0.0,0.4925,0.2297,0.8367,-0.009327953338750472,-0.011427954451852629
2026-03-31,0.0,0.5347,0.1835,0.4412,0.0170823950197585,0.032697772584227236
2026-04-01,0.0,0.5372,0.2442,0.8706,-0.010418030065309614,0.008872361318220001
2026-04-02,0.0,0.4517,0.207,0.5323,-0.008512152532686557,0.035198576369213974
2026-04-03,0.0,0.4176,0.1564,0.2632,-3.88894865052114e-05,0.04624531915939545
2026-04-07,0.0,0.4499,0.1968,0.8837,0.03489150897571358,0.05870074968424421
2026-04-08,0.5,0.7588,0.49,0.9683,-0.006382753251184425,0.019516767938417168
2026-04-09,0.5,0.4831,0.3787,0.8481,0.015404808135002224,0.03731398441999234
2026-04-10,0.5,0.659,0.5129,0.8404,0.002068147209394633,0.01986515665528721
2026-04-13,0.5,0.5417,0.5146,0.8835,0.011865532843009508,0.023952560683193846
2026-04-14,1.0,0.6135,0.6362,0.8977,-0.003411259779961817,0.014190443346356663
2026-04-15,1.0,0.5948,0.6232,0.7582,0.010962347679302376,0.024412931622977307
2026-04-16,1.0,0.5588,0.7626,0.9286,-0.0016754818010366046,0.010496879443910867
2026-04-17,1.0,0.5911,0.7216,0.9375,0.006084224584341991,0.008606476288182119
2026-04-20,1.0,0.6228,0.751,0.8972,0.0022186503212999753,0.0028387104422651355
2026-04-21,1.0,0.5646,0.6893,0.7882,0.006633812898791724,-0.0020530004528106494
2026-04-22,1.0,0.6184,0.6744,0.8452,-0.002770986162049738,0.0022334652255269205
2026-04-23,1.0,0.6775,0.5718,0.6129,-0.003543113317804214,0.004383235555161402
2026-04-24,1.0,0.6406,0.5331,0.5984,0.0003308823591079424,0.0225867204901411
2026-04-27,1.0,0.615,0.5826,0.625,-0.002670036004802201,0.02715664263628681
2026-04-28,1.0,0.6074,0.5018,0.5571,0.010957590906644388,0.023896368723496098
2026-04-29,1.0,0.6608,0.5873,0.7725,-0.000631950278512261,0.029413638118565455
2026-04-30,1.0,0.6884,0.5973,0.6108,0.014516714129485075,0.029276183719412874
2026-05-06,1.0,0.819,0.657,0.678,0.0048013435543941,0.024860812584020175
2026-05-07,1.0,0.6931,0.6756,0.6736,-0.005835637753443534,0.0028746601016897966
2026-05-08,1.0,0.6504,0.7148,0.773,0.016405139649273703,-0.002528678575118737
2026-05-11,1.0,0.8436,0.7235,0.815,-0.0007653927837600882,-0.02389273103236078
2026-05-12,1.0,0.7167,0.6371,0.6783,0.010164657910955333,-0.019232499128696623
2026-05-13,1.0,0.739,0.6462,0.8908,-0.016754476789772044,-0.029538136618390887
2026-05-14,1.0,0.7688,0.5209,0.3118,-0.011192046648137222,-0.026756923777129127
2026-05-15,1.0,0.7873,0.4725,0.5923,-0.005364441345053539,-0.0029831923979967145
2026-05-18,1.0,0.6446,0.4665,0.6242,0.004005256041260452,0.01822142715468633
2026-05-19,0.5,0.6599,0.5019,0.8282,-0.0004498768896807892,0.01956900590560262
2026-05-20,0.5,0.6818,0.44,0.5797,-0.013936627703218019,0.011848063166141065
2026-05-21,0.5,0.8275,0.3064,0.1712,0.012961893146399506,0.02741229867439876
2026-05-22,0.5,0.6775,0.3695,0.8706,0.015789533647179166,0.009705835319327782
2026-05-25,0.5,0.786,0.3656,0.8095,0.005334020210592705,-0.015714775857122998
2026-05-26,0.5,0.7965,0.3115,0.6017,-0.00801922160402091,-0.00672821623730524
2026-05-27,1.0,0.7964,0.2483,0.512,0.0012309879805745272,0.006242182169921895
2026-05-28,0.5,0.7163,0.2537,0.879,-0.004495531360024674,-0.001926635948016453
2026-05-29,0.5,0.8298,0.1889,0.4596,-0.009784242267255161,-0.015371941002362277
2026-06-01,0.5,0.6996,0.2126,0.8062,0.014512756098171264,-0.026963853847844166
2026-06-02,0.5,0.7095,0.1983,0.7846,0.004934318523100112,-0.022941732453680475
2026-06-03,0.5,0.8016,0.1862,0.687,-0.006897148545385257,-0.03851452772288777
2026-06-04,0.5,0.6313,0.1793,0.6207,-0.017906230158246328,-0.0371748551922797
2026-06-05,0.5,0.763,0.1769,0.7458,-0.021441938447014586,-0.008220875750912904
2026-06-08,0.0,0.6659,0.1376,0.4789,0.018706324319753387,0.03777907491283061
2026-06-09,0.0,0.6417,0.1688,0.8789,-0.011082777817184142,0.017164692001804704
2026-06-10,0.0,0.6371,0.1632,0.4968,-0.00551342237528385,0.038494116531186506
2026-06-11,0.0,0.6047,0.1585,0.585,0.011627193407640402,0.046414076263821435
2026-06-12,0.0,0.8215,0.1922,0.7742,0.023944802867113424,0.05909957142085043
2026-06-15,0.0,0.7919,0.2679,0.9349,-0.0015291985878318481,0.005657200711260302
2026-06-16,0.0,0.7334,0.3008,0.8987,0.009654311684853756,0.012036180425656129
2026-06-17,0.5,0.7399,0.3018,0.7413,0.002070918762576923,0.017990418555951182
2026-06-18,0.5,0.8403,0.2977,0.5946,0.023890973257115533,-0.014849061192465096
2026-06-22,0.5,0.8243,0.3277,0.8376,-0.027723651372339675,-0.026234420340883857
2026-06-23,0.5,0.731,0.3402,0.6176,0.004804197109151254,0.012206157435094456
2026-06-24,1.0,0.6896,0.3138,0.5446,0.01559453627101659,0.003228310014625313
2026-06-25,1.0,0.8113,0.2805,0.4598,-0.030255011858519643,-0.041395179916399405
2026-06-26,1.0,0.7517,0.2302,0.2714,0.012057896720166994,-0.005350373919998042
2026-06-29,0.5,0.749,0.2427,0.638,0.010658137201712714,-0.017236525611025733
2026-06-30,1.0,0.7033,0.2822,0.8774,-0.004107998003306745,-0.037588698857428104
2026-07-01,0.5,0.8004,0.3434,0.9316,-0.029579002105938224,-0.04102529366286867
2026-07-02,0.5,0.7247,0.3461,0.6947,0.006208679154940722,0.01330275693573868
2026-07-03,0.5,0.677,0.4148,0.763,-3.6285356719178985e-05,-0.012677570819072614
2026-07-06,0.5,0.6681,0.3894,0.4124,-0.010271710149405311,-0.03027985554723478
2026-07-07,0.5,0.5673,0.2577,0.1989,-0.0076641462704545305,0.0008846760978700186
2026-07-08,0.0,0.6155,0.2194,0.3315,0.025397506374573497,0.006571081463031536
2026-07-09,0.0,0.7378,0.2223,0.8364,-0.01958976173081617,-0.036477994386126755
2026-07-10,0.0,0.7964,0.2819,0.669,-0.01786394276908443,-0.0526464399677149
2026-07-13,0.0,0.6429,0.1934,0.1033,0.021535836373731465,-0.020671838697716383
2026-07-14,0.0,0.6874,0.2675,0.8039,-0.0020263100067507978,-0.011940639240846873
2026-07-15,0.0,0.6352,0.3505,0.6103,-0.018456738835110675,-0.014527210217267439
2026-07-16,0.0,0.6044,0.3795,0.4815,-0.03604160143217072,0.0062930324194798715
2026-07-17,0.0,0.7127,0.25,0.1129,0.015284619866577032,0.026516642297193416
2026-07-20,0.0,0.6915,0.2612,0.1983,0.030643338324720437,0.022640090704415305
2026-07-21,0.0,0.7502,0.255,0.841,-0.0046388350070549755,-0.0358086116418056
2026-07-22,0.0,0.6638,0.2407,0.7397,0.0022804840164942775,-0.02479875856331548
2026-07-23,0.0,0.5494,0.3213,0.9808,-0.016668796530491914,-0.03770762100809699
2026-07-24,0.0,0.4969,0.1853,0.2273,0.011450485038076552,-0.013119463325205638
2026-07-27,0.5,0.5096,0.2972,0.9709,-0.02826278735373078,-0.03386529832933938
2026-07-28,0.5,0.5571,0.3203,0.5221,0.00672693772118671,0.006873123641885082
2026-07-29,0.0,0.624,0.4507,0.8716,-0.010986829794752628,0.012584608217131477
2026-07-30,0.0,0.6347,0.4312,0.3315,0.008456937823493771,0.022328780181444685
2026-07-31,0.0,0.6434,0.557,1.0,-0.009811850267625766,0.02315500067477494
2026-08-03,0.0,0.4703,0.649,0.8971,0.012711872334478791,0.03496376248159838
2026-08-04,0.0,0.5929,0.7251,0.9932,0.012437593057265106,0.013662084520991602
2026-08-05,0.0,0.7119,0.7892,0.9915,-0.0014694874144267622,0.00703317100940537
2026-08-06,0.0,0.5617,0.8113,0.9783,0.009271947441557238,0.0027178365973385965
2026-08-07,0.5,0.6237,0.8638,0.9457,0.001616424037262032,-0.006082796092779175
2026-08-10,0.5,0.5698,0.9038,0.9481,-0.008131816066385134,0.008309909558748219
2026-08-11,0.5,0.514,0.8888,0.7349,0.00581668719253936,0.013299208859955503
2026-08-12,0.5,0.4795,0.9063,1.0,-0.005748386269506245,-0.0217912640312401
2026-08-13,1.0,0.6018,0.8615,0.5818,0.0004137907700709764,-0.015266218581656221
2026-08-14,1.0,0.4471,0.8153,0.7889,0.01612062047357754,-0.010070123517075369
2026-08-17,1.0,0.5836,0.8451,0.9929,-0.003223873389162746,-0.03753803364667785
2026-08-18,1.0,0.5131,0.8066,0.875,-0.029014666554544877,-0.03677267494311143
2026-08-19,0.5,0.5968,0.5053,0.123,0.0008836716230136155,0.00045721055145198086
2026-08-20,0.5,0.4472,0.5965,0.8491,0.005692623748941417,0.008170833755738238
2026-08-21,0.5,0.4472,0.5504,0.7356,-0.012074012850519011,-0.0021041395353589287
2026-08-24,0.5,0.5428,0.4352,0.6849,-0.002431227746343967,0.013578321495616663
2026-08-25,0.5,0.4143,0.5483,0.9341,0.008515075221561474,0.01305060952331516
2026-08-26,0.0,0.4597,0.5535,0.9508,0.008600582883983021,-0.009331197319156215
2026-08-27,0.0,0.5475,0.596,0.9444,-0.004557092372659333,-0.016780551141972633
2026-08-28,0.0,0.4752,0.5961,0.8515,0.0034517663502744433,-0.013261913777047107
2026-08-31,0.0,0.5177,0.6239,0.8443,-0.0029506044665718045,-0.010823949616333484
2026-09-01,0.5,0.4641,0.6371,0.8614,-0.013766525913796124,-0.011428600796532185
2026-09-02,0.5,0.4258,0.5562,0.6709,0.0010163906822404645,0.005418610149671821
2026-09-03,0.0,0.4157,0.4975,0.6761,-0.0009947110411102633,-0.000920050053394017
2026-09-04,0.0,0.5062,0.4886,0.7193,0.005931025514913646,-0.008332032592694327
2026-09-07,0.0,0.4876,0.5341,0.963,-0.00356006836684708,
2026-09-08,0.0,0.4413,0.5959,0.9655,0.0030408421665728547,
2026-09-09,0.0,0.4093,0.5514,0.7879,-0.005294515734430738,
2026-09-10,0.0,0.3821,0.4499,0.5325,-0.008406139684861702,
2026-09-11,0.0,0.5408,0.2765,0.5513,,
