date,code,name,source_line,tier,tier_raw,rank,strategy_source,entry_type,entry_text,trigger_price,line_action,D_close,D_pct,d1,D1_open,D1_high,D1_low,D1_close,D1_volratio5,D2_close,全A等权_d1,A_成交,A_成交价,A_r_d1,A_r_d2,A_alpha_d1,A_踏空,A_状态,A_桶,B_状态,B_成交价,B_r_d1,B_r_d2,B_alpha_d1,B_桶,票自身_d1,票自身_alpha_d1,review_bucket,review_verdict,action_note,notes
2026-08-31,300684,中石科技,人工回溯,观望,震荡偏弱·冲97后滞涨回落,,人工推荐,未指定,,,不建仓,94.5,3.1659388646288367,2026-09-01,94.5,97.18,90.88,95.2,1.02,88.64,0.3144,True,94.5,0.741,-6.201,0.427,,已成交,观望踏空(涨),不建仓,,,,,观望踏空(涨),0.741,0.427,精准,收95.2 +0.74% 冲97.18回落 精准,,人工票
2026-08-31,300502,新易盛,人工回溯,观望,震荡偏多·资金驱动,,人工推荐,未指定,,,不建仓,401.87,0.7192982456140307,2026-09-01,401.78,415.0,388.0,402.81,1.05,386.7,0.3144,True,401.78,0.256,-3.753,-0.058,,已成交,观望踏空(涨),不建仓,,,,,观望踏空(涨),0.234,-0.08,半对,收+0.23% 冲高回吐 半对,,人工票·偏多但未给买入
2026-08-31,000712,锦龙股份,人工回溯,规避,下跌·见顶·规避,,人工推荐,未指定,,,不建仓,12.98,9.999999999999986,2026-09-01,12.08,13.84,11.68,13.5,3.1,13.16,0.3144,True,12.08,11.755,8.94,11.441,,已成交,规避打脸,不建仓,,,,,规避打脸,4.006,3.692,方向错,收+4.01%(低开砸跌停又拉回) 方向错,,人工票
2026-09-01,603893,瑞芯微,定时策略,买入候选,首选·买入 / 买入/偏多,1.0,策略0合议(0.61)+最大范围选股,限价,明日高开不追、回踩MA5≈186加仓；回踩不破是上车点,186.0,限价挂单,203.6,4.630248214193933,2026-09-02,201.04,207.8,197.3,197.49,1.22,193.9,-0.8708,True,201.04,-1.766,-3.552,-0.895,,已成交,选错·策略,限价未成交(未回踩),,,,,空仓·真避损,-3.001,-2.13,"方向短线落空(β拖累,逻辑未破)",-3.00%(冲207.80回落收197.49) α-1.35pct；方向短线落空，但仍在MA5(186)上、跌幅≈β+超买消化，无个股负α崩坏,,未给明确止损线；复盘称'回踩加仓'条件尚未触发也未证伪。
2026-09-01,002155,湖南黄金,定时策略,买入候选,顺势偏多·可参与（小仓可参与）,2.0,反转低换手极低-0.95(反向检验),限价,小仓可参与，回踩26一线更佳,26.0,限价挂单,26.45,-2.864487697392581,2026-09-02,25.73,26.39,24.99,26.21,0.91,27.54,-0.8708,True,25.73,1.866,7.035,2.737,,已成交,选对,限价成交,25.73,1.866,7.035,2.737,选对,-0.907,-0.036,相对成立(跑赢板块但绝对亏),-0.91%(探低24.99后收26.21重回26上) vs黄金股ETF-1.18% α+0.27pct；绝对跌但跑赢板块，顺势偏多相对成立,,选股说明表标'检验样本(反向)'，排序表给'顺势偏多·可参与'，按排序表归买入候选。复盘指出'回踩26'点位被跳过直接破位，偏离来自金价β隔夜转向。
2026-09-01,300684,中石科技,定时策略,观望,观望·不买（观望/不追高）,3.0,动量组合+最大范围选股,未指定,不追高；放量破97才有续攻可能（情景而非买点）,,不建仓,95.2,0.7407407407407529,2026-09-02,95.0,95.99,88.01,88.64,1.21,89.56,-0.8708,True,95.0,-6.695,-5.726,-5.824,,已成交,观望正确(跌),不建仓,,,,,观望正确(跌),-6.891,-6.02,观望正确(真避损),"-6.89%(放量换手14%,冲95.99后杀到88.01未拉回) vs芯片ETF-1.65% α-5.24pct；大幅跑输，观望完全正确",,'放量破97'是情景描述非入场口径，entry_type按未指定。
2026-09-01,688262,国芯科技,定时策略,观望,观望·不买（观望）,4.0,半导体多因子(1.81),未指定,观望；BOLL挤压待方向，跟半导体板块β,,不建仓,28.1,-2.2268615170493944,2026-09-02,27.8,28.0,27.37,27.79,0.7,28.12,-0.8708,True,27.8,-0.036,1.151,0.835,,已成交,观望正确(跌),不建仓,,,,,观望正确(跌),-1.103,-0.232,观望正确(跟β),-1.10% vs芯片ETF-1.65% α+0.55pct；跟β，观望正确,,
2026-09-01,002445,中南文化,定时策略,规避,规避（高置信，不碰）,5.0,反转低换手极高0.83(检验假阳性),未指定,不碰，不给方向,,不建仓,3.44,0.5847953216374213,2026-09-02,3.41,3.42,3.24,3.26,0.48,3.18,-0.8708,True,3.41,-4.399,-6.745,-3.528,,已成交,真避损,不建仓,,,,,真避损,-5.233,-4.362,规避正确(真避损),-5.23%(换手4.97%) vs深成指-1.88% α-3.35pct；大幅跑输，规避正确(反转否决层样本外验证),,文档标'检验样本(反转假阳性)'但表态为规避，tier按表态。
2026-09-02,002811,郑中设计,定时策略,买入候选,首选·买入 / 买入·方向偏多,1.0,量价放量(连续放量)+最大范围选股,限价,不追今天高点，回踩MA5≈14.0～14.2(也是支撑位)分批,14.2,限价挂单,14.54,5.28602461984069,2026-09-03,14.9,15.85,14.9,15.68,2.77,,-0.3076,False,,,,,True,未成交(高开未回踩),踏空(高开未回踩),限价未成交(未回踩),,,,,空仓·踏空(机会成本),7.84,8.148,强兑现(方向对/战术踏空),+7.84%(收15.68) α+8.15pp 强兑现；但战术'等回踩MA5'两天一股没买到，方向判对利润全让掉；无止盈规则,,trigger_price取回踩区间上沿14.2，区间14.0~14.2。1日偏多(中)/5日中性偏多(中低)。
2026-09-02,603270,金帝股份,定时策略,买入候选,可参与(1日尺度)/1日偏多、5日中性偏空,2.0,量价放量(近10日最大量)+最大范围选股,条件触发,关键看32.43～32.92；放量突破33→主题接力可看第二波；不能站稳33量缩→回补28.2~30,33.0,闸门,31.77,10.006925207756234,2026-09-03,33.0,34.95,32.81,34.95,1.01,,-0.3076,False,,,,,True,未成交(高开未回踩),踏空(高开未回踩),未触发·空仓(量比1.01<1.2),,,,,空仓·踏空(机会成本),10.009,10.317,强兑现(质地与预期不同),+10.01%涨停(收34.95) α+10.32pp 强兑现；站上33成立但量比仅1.01为缩量涨停，驱动是主线情绪+动量非个股α新增；涨停日无法卖出且缺退出规则,,'放量突破33'是盯点/情景条件而非硬性买入闸门，entry_type按条件触发处理属推断。复盘指出盯点'站上+放量'复合条件实际分叉。
2026-09-02,688569,铁科轨道,定时策略,买入候选,可参与(稳健/防β)/方向中性偏多,3.0,放量后缩量回踩(S02)+最大范围选股,限价,回踩买不是突破买：18.66～18.99区间分批,18.99,限价挂单,18.99,-1.708074534161497,2026-09-03,18.86,19.15,18.74,18.81,0.64,18.85,-0.3076,True,18.86,-0.265,-0.053,0.043,,已成交,选错·策略,限价成交,18.86,-0.265,-0.053,0.043,选错,-0.948,-0.64,轻微未兑现(方向失分/防β达成),-0.95%(收18.81) α-0.65pp 本批唯一方向失分；MA10未失守止损未触发；把'低波动'读成'低波动+向上'，缺触发信号不该给方向,,trigger_price取买入区间上沿18.99，区间18.66~18.99。
2026-09-02,301246,宏源药业,定时策略,观望,观望（明确不买，非对冲）,4.0,策略0合议Top1(0.725)(检验样本),条件触发,若要参与只能等：①六氟磷酸锂价格重新走强 ②主力资金转为连续净流入,,不建仓,18.48,-2.2739291380222126,2026-09-03,18.65,18.68,18.36,18.49,0.49,18.23,-0.3076,True,18.48,0.054,-1.353,0.362,,已成交,观望踏空(涨),不建仓,,,,,观望踏空(涨),0.054,0.362,观望兑现(消息面否掉合议分),+0.05%(收18.49) α+0.36pp 兑现；5连跌后首次止跌，消息面否掉系统合议分这次对了；观望'正确'今天只值+0.36pp，真正检验在5日,,参与条件为非价格型条件(行业数据/资金流)，trigger_price无法解析为数字。
2026-09-02,002084,海鸥住工,定时策略,规避,规避（游资情绪票，只给风险不给方向）,5.0,最大范围+动量组合+反转低换手(否决层降级)(检验样本),未指定,不给方向，只标极高波动/规避,,不建仓,7.12,1.4245014245014342,2026-09-03,7.02,7.24,6.5,6.91,2.46,7.1,-0.3076,True,7.02,-1.567,1.14,-1.259,,已成交,真避损,不建仓,,,,,真避损,-2.949,-2.641,规避正确(真避损),"-2.95%(收6.91,振幅10.4%换手24.56%) α-2.64pp 规避正确；开板后放量下杀典型派发，经验#1+反转否决层双双验证",,
2026-09-03,300802,矩子科技,定时策略,买入候选,买入·首选（明确表态，全批首选）,1.0,最大范围选股∩量价放量(连续放量5/5),开盘,次日开盘后分两批介入不等回踩；第一批开盘附近，第二批放量站上25.36时加；高开>4%(>25.7)则放弃第一批,25.36,开盘市价,24.68,7.725883893496288,2026-09-04,24.86,25.19,23.32,23.45,1.08,25.5,-0.3371,True,24.68,-4.984,3.323,-4.647,,已成交,假利好,开盘市价成交,24.86,-5.672,2.574,-5.335,选错,-4.984,-4.647,重大失分(首选满仓开盘买→止损),-4.98%(收23.45) α-4.68pp 重大失分：止损MA10 23.62触发，二批25.36未开；触发信号是09-03存量非09-04增量，零催化+量能衰减+普涨转普跌,,entry_type取'开盘'(第一批)，trigger_price记第二批加仓条件25.36。1日偏多·中等置信/5日偏多·低置信。
2026-09-03,300866,安克创新,定时策略,买入候选,买入·次选，仅在回踩或突破确认时入场,2.0,最大范围选股∩量价放量(近10日最大量),条件触发,二选一任一触发入半仓：①回踩132.0~134.0(BOLL上轨)且缩量量比<1.0 ②放量站上139.17(量比≥1.3)追小仓；都不触发则放弃,139.17,闸门,137.16,6.325581395348845,2026-09-04,137.3,138.18,134.65,135.91,0.87,132.24,-0.3371,True,137.16,-0.911,-3.587,-0.574,,已成交,假利好,未触发·空仓(未收阳;收盘135.91未站上139.17;量比0.87<1.3),,,,,空仓·真避损,-0.911,-0.574,方向错/闸门救对(空仓无损),-0.91% α-0.61pp 方向错但空仓无损：全天高138.18<139.17、低134.65>134，两个闸门全程未开，'上方受阻回落'判断被印证,,兼有限价(回踩132~134)与条件触发(站上139.17)两路，entry_type取条件触发、trigger_price取139.17；限价路关键位132~134。§2.5表把它标'可参与(不追高)'，§四排序表为'买入'，按排序表。1日偏多·低置信/5日不给方向。
2026-09-03,688612,威迈斯,定时策略,买入候选,可参与·小仓，纯技术面博弈（不给'买入'）,3.0,最大范围选股∩量价放量(连续放量),条件触发,仅在09-04放量站上36.47(收盘>36.47且量比≥1.3)入小仓(≤1/3仓)；未能站上则直接放弃不追不补,36.47,闸门,36.15,7.270029673590495,2026-09-04,36.24,40.32,36.2,38.78,3.34,,-0.3371,False,,,,,True,未成交(高开未回踩),踏空(高开未回踩),闸门触发·成交,36.47,6.334,,6.671,选对,7.275,7.612,强兑现(条件式表态被完整执行),"+7.28%(收38.78,盘中高40.32) α+7.58pp 强兑现：闸门先关后开、放量站上36.47触发入场，撑起全批唯一超额；含涡轮增压子链β成分，催化仍查不到→按原产出是减仓信号",,'可参与·小仓'按归一化规则归买入候选。1日偏多·低置信/5日不给方向。
2026-09-03,300857,协创数据,用户手动,买入候选,可参与·小仓（严格限定入场）/1日偏多·低置信,,"9策略0命中，SEPA+VCP(第10策略,当日未跑)重跑仍入池·用户手动指定",条件触发,仅放量站上269.15(20日最高收盘，且量比≥1.3)才入场，不达则放弃不追,269.15,闸门,265.88,1.461553138713989,2026-09-04,269.98,269.99,249.59,252.9,1.08,274.03,-0.3371,True,265.88,-4.882,3.065,-4.545,,已成交,选错·策略,闸门触发·成交(复盘记载覆盖),269.98,-6.326,1.5,-5.989,选错,-4.882,-4.545,方向错/闸门擦线即套(止损),-4.88%(收252.90) α-4.58pp 方向错+闸门擦线即套+触发止损：开盘跳空269.98擦线触发入场后单边下杀，收盘失守MA20 253.79；09-03盘后控股股东质押公告落地,,用户手动指定票，rank=null。'可参与·小仓'按规则归买入候选。复盘据此提出#20：高波动票价格阈值闸门需'开盘跳空作废'保护。
2026-09-03,000157,中联重科,定时策略,观望,观望（明确表态，不给方向/低波动待动）,4.0,反转低换手(1.4349)+策略0合议Top20(检验样本/与系统分歧),条件触发,不建仓；仅在触发信号出现后才入场：放量收阳站上MA5 6.68且量比≥1.3,6.68,不建仓,6.59,0.0,2026-09-04,6.59,6.66,6.59,6.62,0.52,6.64,-0.3371,True,6.59,0.455,0.759,0.792,,已成交,观望踏空(涨),不建仓,,,,,观望踏空(涨),0.455,0.792,待动未触发(#14正面执行),+0.46% α+0.76pp 不记分；量比0.44闸门未开；#14第二次实盘检验判小胜：既未错过大涨也未踩下跌，盘中α-0.57/收盘α+0.76符号反转,,5日若09-08挖机出口>+20%改判偏多(条件非预测)。
2026-09-03,601882,海天精工,用户手动,观望,观望（1日中性偏弱·低置信/5日不给方向）,,"仅最大范围选股(1/9,靠08-31涨停线入选)·用户手动指定",条件触发,仅在'主力资金转正 且 量比<0.7真缩量 且 守住MA5 21.882'三条同时满足后小仓,21.882,不建仓,22.52,-0.3539823008849585,2026-09-04,22.52,22.88,22.44,22.63,0.74,23.35,-0.3371,True,22.52,0.488,3.686,0.825,,已成交,观望踏空(涨),不建仓,,,,,观望踏空(涨),0.488,0.825,近中性(轻微偏保守),+0.49% α+0.79pp；三条件闸门未开(量比1.01未达真缩量)，守MA5未破MA10；'中性偏弱'轻微偏保守但α近零无实质错判,,用户手动指定票，文档明确单独记分、不进策略胜率统计，rank=null。
2026-09-03,603333,福华尚纬,定时策略,规避,规避（明确表态，不对冲）,5.0,最大范围选股∩放量后缩量回踩(S02)(检验样本),未指定,不建仓；若出现放量收阳站上10.37且量比≥1.5或农化资产注入正式公告则判断作废改判偏多,10.37,不建仓,10.2,-1.0669253152279512,2026-09-04,10.16,10.28,9.8,9.92,0.83,9.9,-0.3371,True,10.16,-2.362,-2.559,-2.025,,已成交,真避损,不建仓,,,,,真避损,-2.745,-2.408,规避正确(方向+波动双兑现),-2.75%(收9.92) α-2.45pp 规避正确：判决线MA10 10.04收盘失守，普涨环境里全天逆势下跌量比0.64，'缩量=买盘枯竭'证实,,表态不建仓故entry_type未指定；trigger_price 10.37为'判断作废改判偏多'的前提价位而非买点。1日低波动偏弱/5日偏弱·中置信。
2026-09-03,603161,科华控股,用户手动,规避,规避（1日不给方向/5日偏弱·中低置信）,,仅最大范围选股(1/9)·用户手动指定,条件触发,不建仓；重新评估前提=站上16.90(08-18前高)且量比≥1.5,16.9,不建仓,16.48,1.4778325123152802,2026-09-04,16.6,18.13,16.48,17.25,4.04,17.86,-0.3371,True,16.48,4.672,8.374,5.009,,已成交,规避打脸,不建仓,,,,,规避打脸,4.672,5.009,规避踏空,+4.67%(盘中涨停+10.01%后回吐一半) α+4.97pp 规避踏空、本日最大表态失分；财务依据未被推翻，被涡轮增压子链资金异动打上涨停，'开板派发'部分兑现,,用户手动指定票，rank=null。entry_type按'重新评估前提'条件归条件触发，非买入口径。复盘据此提出#19：规避应拆'不建仓(仓位)'+'看跌(方向)'。
2026-09-03,300429,强力新材,用户手动,规避,规避（1日不给方向/5日偏弱·中置信）,,0/9策略命中(合议-0.90负分)·用户手动指定,条件触发,不建仓；重新评估前提=放量收阳站上MA10 11.19且量比≥1.3,11.19,不建仓,11.16,-1.5873015873015817,2026-09-04,11.25,11.34,10.8,10.9,0.83,10.95,-0.3371,True,11.16,-2.33,-1.882,-1.993,,已成交,真避损,不建仓,,,,,真避损,-2.33,-1.993,规避正确,-2.33% α-2.03pp 规避正确；重评估闸门(站上MA10 11.19且量比≥1.3)未开,,用户手动指定票，rank=null。entry_type按'重新评估前提'归条件触发，非买入口径。
2026-09-04,002234,民和股份,定时策略,买入候选,买入（条件式·小-中仓）,1.0,合议#20 + 量价放量 + 最大范围选股(3口径),条件触发,分两批：第一批开盘30分钟量比≥1.0入场；第二批回踩不破MA5 8.21后再放量上攻补入；跳空>+4%(≥8.67)当日作废,8.21,闸门,8.34,4.380475594493105,2026-09-07,8.34,8.57,8.32,8.52,1.32,8.47,0.9935,True,8.34,2.158,1.559,1.164,,已成交,选对,闸门触发·成交,8.34,2.158,1.559,1.164,选对,2.158,1.164,选对(偏多兑现·真个股α),收8.52 +2.16%，α +1.23pp、子链α +1.48pp；偏多兑现且是真个股α，低换手健康上行,,trigger_price取第二批回踩位MA5 8.21；第一批为量比条件无价位。另有8.45突破位与8.67跳空作废位。
2026-09-04,605296,神农集团,定时策略,观望,观望（不建仓）；选股时买入候选，分析后降级,2.0,量价放量 + 最大范围选股 + SEPA合格池(3口径·同源K线),条件触发,主力净流入转正且超大单为正 + 收盘站上并守住36.66(今日高)，两条同时满足才升级为可参与·小仓；跳空>+3%(≥36.74)不追,36.66,不建仓,35.67,6.50940579277397,2026-09-07,35.5,36.62,35.28,36.47,1.18,35.9,0.9935,True,35.5,2.732,1.127,1.739,,已成交,观望踏空(涨),不建仓,,,,,观望踏空(涨),2.243,1.249,观望holds(待动未触发),收36.47 +2.24%，α +1.31pp；全天高36.62<升级闸门36.66，闸门整日未开→观望正确,,§2.3表标'买入候选'，§3.2/§4降级为观望；tier按最终表态取观望。
2026-09-04,603991,领先股份,定时策略,观望,观望（不建仓）·检验样本,3.0,量价放量 + 最大范围选股 + SEPA合格池(3口径·同源K线),条件触发,需同时出现可解释催化 + 电子行业等权连续2日>0 才升级为可参与·小仓；跳空在162.07上方开盘当日闸门作废,162.07,不建仓,159.6,8.320890457445351,2026-09-07,159.6,167.97,157.6,167.36,1.44,177.42,0.9935,True,159.6,4.862,11.165,3.869,,已成交,观望踏空(涨),不建仓,,,,,观望踏空(涨),4.862,3.869,踏空(观望机会成本·催生#23),收167.36 +4.86%，α +3.93pp，本批最大涨幅；破250日高但零催化、尾部风险未除，是观望的最大机会成本,,§2.3表标'检验样本'，§4表态'观望(不建仓)'；tier取观望，检验样本身份记于tier_raw。162.07为跳空作废线，非入场价。
2026-09-04,688262,国芯科技,定时策略,观望,观望（不建仓，不看跌）·检验样本,4.0,半导体多因子#1(单策略极值·纯基本面口径),条件触发,电子行业等权连续2日>0 +（融资余额连续3日净买入破5.5亿 或 披露AI ASIC具体订单）且当日放量收阳，才给偏多并考虑小仓,,不建仓,27.53,-2.098150782361308,2026-09-07,27.87,28.0,27.43,27.44,0.01,26.98,0.9935,True,27.53,-0.327,-1.998,-1.321,,已成交,观望正确(跌),不建仓,,,,,观望正确(跌),-0.327,-1.321,观望holds(待动未触发·避损),收27.44 −0.33%，α −1.26pp；午后褪色转负，#14无触发不给方向→观望holds，未错过也未受伤,,触发条件为板块/融资/公告类，无单一价位，trigger_price置null；盯点提到MA10 27.62、布林下轨25.78。
2026-09-04,603162,海通发展,定时策略,规避,不建仓 + 高风险规避,5.0,量价放量 + 最大范围选股 + SEPA新候选(3口径·同源'涨得多') + 换手/龙虎榜极值,未指定,不入场；方向前提=触发信号：无，即使放量收阳也不作为给方向依据,,不建仓,14.64,9.99248685199099,2026-09-07,15.13,15.47,13.73,14.13,2.01,14.03,0.9935,True,14.64,-3.484,-4.167,-4.478,,已成交,真避损,不建仓,,,,,真避损,-3.484,-4.478,真避损(规避正确),收14.13 −3.48%，α −4.41pp；换手25.79%全天派发、连板终结，规避完全正确，本批最大的'对'(坐实#22),,§2.3表标'检验样本'，§4表态'不建仓+高风险规避'；tier取规避。
2026-09-07,605007,五洲特纸,定时策略,买入候选,可参与偏多（条件式·底仓逻辑最强）,1.0,策略0合议#1 ∩ 反转低换手组合,条件触发,次日(或后续)放量(量比≥1.5)收阳站上MA5≈15.1才入第一批；跳空高开在闸门上方作废改判,15.1,闸门,14.78,-0.2026,2026-09-08,14.76,14.95,14.58,14.78,0.7,14.91,0.6921,True,14.76,0.136,1.016,-0.556,,已成交,选对,未触发·空仓(收盘14.78未站上15.1;量比0.7<1.5),,,,,空仓·平,0.0,-0.692,待动未触发(闸门未开·空仓·纪律),收14.78 0.00%，α −0.67pp；闸门未开(收<15.1、平量)→空仓不计方向；高低切'低位补涨'预期未兑现,,
2026-09-07,688262,国芯科技,定时策略,买入候选,可参与·小仓（条件式）,2.0,半导体多因子#1(单策略极值),条件触发,次日放量(量比≥1.5)站上MA5 27.8且收阳才入；单纯跟随板块高开不放量不入,27.8,闸门,27.44,-0.3269,2026-09-08,27.42,27.74,26.86,26.98,1.21,26.92,0.6921,True,27.42,-1.605,-1.823,-2.297,,已成交,选错·策略,未触发·空仓(未收阳;收盘26.98未站上27.8;量比1.21<1.5),,,,,空仓·真避损,-1.676,-2.368,待动未触发(闸门未开·避β回吐),收26.98 −1.68%，α −2.35pp；闸门未开→空仓；顺科技β随创业板−1.15%退潮，β回吐兑现，闸门避开负α,,09-09复盘盘中核实节提到该票早盘+1.30%放量、'β退潮论今早部分证伪'，属D+2信息，不计入本条verdict。
2026-09-07,001223,欧克科技,定时策略,检验样本,观望·不建仓（检验样本）,3.0,策略0合议#6 ∩ 量价放量(低位放量),未指定,不建仓；检验'放量突破但绩差+解禁抛压'样本,,不建仓,41.36,7.067,2026-09-08,41.46,41.46,39.85,40.11,1.04,42.06,0.6921,True,41.36,-3.022,1.692,-3.714,,已成交,追高,不建仓,,,,,空仓·真避损,-3.022,-3.714,真避损(规避对),收40.11 −3.02%，α −3.69pp本批最差；放量回吐(量比2.68)破昨收41.36，规避对，坐实#22供给面主导,,文档同时标'检验样本'与'观望·不建仓'；按归一化规则'检验样本'优先取检验样本，tier_raw保留观望表态。
2026-09-07,300313,天山生物,定时策略,检验样本,不建仓 + 方向待动（检验样本·#19）,4.0,最大范围选股 ∩ 量价放量 ∩ 动量组合(3命中·同源),未指定,不建仓；游资情绪票只标风险不给方向,,不建仓,15.75,9.451,2026-09-08,15.0,16.21,14.66,15.9,1.1,14.99,0.6921,True,15.0,6.0,-0.067,5.308,,已成交,选对,不建仓,,,,,空仓·踏空(机会成本),0.952,0.26,真避损(不建仓对·妖股方向不可测·催生#24),收+0.95%，α +0.29pp；日内whipsaw(低−6.9%→高+2.9%)，盘中−4.57%若判见顶即打脸，不建仓+方向待动是唯一正确处理,,
2026-09-07,300862,蓝盾光电,定时策略,检验样本,不建仓 + 方向待动（检验样本·#19）,5.0,动量组合(极端离群) ∩ 量价放量,未指定,不建仓；融资盘/散户化只标风险不给方向,,不建仓,50.39,8.4822,2026-09-08,49.0,50.09,47.72,49.8,0.94,49.0,0.6921,True,49.0,1.633,0.0,0.941,,已成交,选对,不建仓,,,,,空仓·真避损,-1.171,-1.863,真避损(规避对),收49.80 −1.17%，α −1.84pp；普涨日逆势回调，融资盘脆弱筹码高位回调兑现，规避对(坐实#2),,
2026-09-08,600356,恒丰纸业,定时策略,买入候选,可参与偏多（条件式·四面一致最强）,1.0,策略0合议#5 数据面0.732(消息面回灌误压纠偏),限价,回踩MA5 9.07不破、缩量企稳加仓；若次日继续放量突破9.6亦可跟,9.07,限价挂单,9.41,3.066812705366906,2026-09-09,9.31,9.46,9.27,9.35,0.85,9.3,-0.4093,True,9.31,0.43,-0.107,0.839,,已成交,选对,限价未成交(未回踩),,,,,空仓·真避损,-0.638,-0.229,随市微负α,09-09收−0.64%，α −0.17pp，随市微负α,,入场口径主体是'回踩9.07不破缩量企稳'(具体回踩价→按规则判限价)，另附'放量突破9.6也可跟'的条件触发备选。复盘表未记闸门是否触发。
2026-09-08,601061,中信金属,定时策略,买入候选,可参与偏多（条件式·底仓逻辑强）,2.0,策略0合议#1 ∩ 消息面回灌+0.80,条件触发,次日放量(量比≥1.5)收阳站上MA20 11.74入第一批；跳空高开在闸门上方作废改判,11.74,闸门,11.61,2.471315092674309,2026-09-09,11.61,12.25,11.61,12.18,1.77,12.64,-0.4093,True,11.61,4.91,8.872,5.319,,已成交,选对,闸门触发·成交,11.74,3.748,7.666,4.157,选对,4.91,5.319,强正α,09-09收+4.91%，α +5.38pp，强正α,,复盘表未记闸门(站上11.74放量)是否触发，仅给收盘α。文档另标89.77%已解禁为中长期压制。
2026-09-08,601339,百隆东方,定时策略,买入候选,可参与（条件式）,3.0,反转低换手组合#1 ∩ 消息面回灌+0.87(已打折),条件触发,次日放量(量比≥1.5)收阳站上MA5 7.51入,7.51,闸门,7.44,0.0,2026-09-09,7.41,7.56,7.4,7.54,0.69,7.42,-0.4093,True,7.41,1.754,0.135,2.163,,已成交,选对,未触发·空仓(量比0.69<1.5),,,,,空仓·踏空(机会成本),1.344,1.753,正α,09-09收+1.34%，α +1.81pp，正α,,复盘表未记闸门是否触发。
2026-09-08,601000,唐山港,定时策略,检验样本,观望偏多·小仓（条件式）·检验/条件式偏多,5.0,指标条件化排序#6 ∩ 消息面回灌+0.89(增持×6),条件触发,次日收阳站回MA5 4.60小仓入,4.6,闸门,4.51,-0.879120879120876,2026-09-09,4.5,4.59,4.49,4.57,1.01,4.58,-0.4093,True,4.5,1.556,1.778,1.965,,已成交,选对,未触发·空仓(收盘4.57未站上4.6;量比1.01<1.2),,,,,空仓·踏空(机会成本),1.33,1.739,正α,09-09收+1.33%，α +1.80pp，正α,,§3.3标题'检验样本（观望偏多·小仓条件式）'，§4表态'观望偏多·小仓'；文档明确将其定位为正向回灌检验样本，tier取检验样本。
2026-09-08,000035,中国天楹,定时策略,检验样本,观望（检验样本·消息面机制存疑）,6.0,扣非质量#1 ∩ 消息面回灌+0.74(依据错配),限价,不追高；回踩MA5 4.86缩量企稳再考虑,4.86,限价挂单,5.03,1.8218623481781384,2026-09-09,5.04,5.07,4.99,5.05,0.83,5.04,-0.4093,True,5.03,0.398,0.199,0.807,,已成交,选对,限价未成交(未回踩),,,,,空仓·踏空(机会成本),0.398,0.807,微正α,09-09收+0.40%，α +0.87pp，微正α,,§3.4标题'检验样本（观望）'，§4表态'观望'；tier取检验样本。入场为'等回踩4.86'→限价。
2026-09-08,688712,北芯生命,定时策略,观望,观望偏多（超跌待反弹）,4.0,策略0合议#2 数据面0.650 ∩ 消息面+0.25,条件触发,次日收阳站上MA5 31.41+低位金叉/底背离确认(量比数据不可靠改用价格+KDJ),31.41,不建仓,31.02,-0.1609269391696144,2026-09-09,31.02,31.02,30.15,30.22,2.09,29.21,-0.4093,True,31.02,-2.579,-5.835,-2.17,,已成交,观望正确(跌),不建仓,,,,,观望正确(跌),-2.579,-2.17,池内最弱α,09-09收−2.58%，α −2.11pp，池内最弱α,,§2清单标'观望偏多'无检验样本标签，tier取观望。
2026-09-08,688262,国芯科技,定时策略,观望,观望·不建仓（检验/对照样本）,7.0,半导体多因子#1 ∩ 消息面回灌−0.57(压对样本),未指定,不建仓；盯点为是否站上MA5 27.57、半导体次日涨跌,,不建仓,26.98,-1.6763848396501468,2026-09-09,27.15,27.79,26.85,26.92,1.01,26.73,-0.4093,True,26.98,-0.222,-0.927,0.187,,已成交,观望正确(跌),不建仓,,,,,观望正确(跌),-0.222,0.187,跑赢等权·绝对微跌,09-09收−0.22%，α +0.25pp，跑赢等权·绝对微跌；盘中核实：早盘+1.30%放量，创业板翻红，'β退潮'推演部分证伪,,§2标'检验/对照'，§4表态'观望·不建仓'。归一化上'检验样本'与'观望'均可；文档在§4排序表明确写'观望·不建仓'，且09-07同票已作买入候选，此处取观望以忠于排序表表态，检验/对照身份记tier_raw。
2026-09-08,000019,深粮控股,定时策略,规避,规避（检验样本·回灌误判）,8.0,最大范围选股 ∩ 量价放量 ∩ 消息面回灌+0.53(误判样本),未指定,规避不参与；盯点是否跌破MA5 7.27、是否放量,,不建仓,7.69,4.20054200542006,2026-09-09,7.5,8.46,7.48,8.46,1.73,7.68,-0.4093,True,7.5,12.8,2.4,13.209,,已成交,规避打脸,不建仓,,,,,规避打脸,10.013,10.422,涨停·池内最强α(规避被打脸/预登记为侥幸),09-09收+10.01%涨停，α +10.48pp，池内最强α；选股文档预登记'无论涨跌都记为口径缺陷样本(涨=侥幸)',,文档同时标'检验样本'与'规避'，规避表态更强且§4排序表写'规避'，tier取规避。复盘文档本身未对'规避被打脸'作定性，括注部分来自选股文档§5预登记。
2026-09-09,601061,中信金属,定时策略,买入候选,买入（首选）,1.0,"合议#1(0.7107,3专家一致看多)",未指定,买入（首选）；放量反包已是触发信号，方向前提已满足，大概率高开或平开震荡上行,,开盘市价,12.18,4.909560723514206,2026-09-10,12.53,12.8,12.3,12.64,2.03,,-1.2647,False,,,,,True,未成交(高开未回踩),踏空(高开未回踩),开盘市价成交,12.53,0.878,,2.143,选对,3.777,5.042,选对/买入首选强兑现,收+3.78%/α+5.13pp，买入首选强兑现：普跌重挫日逆势放量(vol_ratio 2.03)，本批头号α,,未给具体入场价，按开盘/持续持有理解，entry_type记未指定。
2026-09-09,600356,恒丰纸业,定时策略,买入候选,可参与（小-中仓）·偏多待动,2.0,合议#16(多因子0.9275)+最大范围#171,未指定,可参与（小-中仓）；升级为看多的触发=放量收阳站上9.75，未现则维持待动,,闸门,9.35,-0.6376195536663132,2026-09-10,9.3,9.41,9.21,9.3,0.73,9.18,-1.2647,True,9.3,0.0,-1.29,1.265,,已成交,选错·策略,未触发·空仓(未收阳;收盘9.3未站上9.75;量比0.73<1.2),,,,,空仓·真避损,-0.535,0.73,抗跌·待动未触发,收−0.53%/α+0.82pp，抗跌·正α未启动：缩量小跌跑赢基准，无放量上行触发，方向仍待动,"表态""可参与;升级触发=放量收阳站上9.75,未现维持待动"",复盘记待动未触发",9.75是‘升级看多’的触发位而非入场闸门，故entry_type=未指定、trigger_price留空；09-08批纠偏票续跟。
2026-09-09,688262,国芯科技,定时策略,检验样本,检验样本（可小仓参与，非首选）,3.0,半导体多因子#1(1.8019),未指定,检验样本，可小仓参与；给方向需放量收阳+主力翻正新鲜口径确认，当前维持中性待动,,闸门,26.92,-0.2223869532987366,2026-09-10,26.73,26.99,26.38,26.73,0.82,25.99,-1.2647,True,26.73,0.0,-2.768,1.265,,已成交,选错·策略,未触发·空仓(未收阳;量比0.82<1.2),,,,,空仓·真避损,-0.706,0.559,检验样本抗跌兑现,收−0.71%/α+0.64pp，检验样本抗跌兑现：缩量随半导体小跌但跑赢基准，弱势延续非尾盘回补,"表态""可小仓;给方向需放量收阳+主力翻正,当前中性待动"",按闸门处理",
2026-09-09,688130,晶华微,定时策略,检验样本,不建仓（检验样本）,4.0,半导体多因子#3+扣非质量#1(1.5183),条件触发,不建仓；升级触发=放量反包站上MA5(22.96)+主力翻正，未现则不给方向,22.96,不建仓,22.46,-1.2313104661389462,2026-09-10,22.22,22.51,22.01,22.22,1.19,21.61,-1.2647,True,22.22,0.0,-2.745,1.265,,已成交,假利好,不建仓,,,,,空仓·真避损,-1.069,0.196,不建仓成立/待动未触发,收−1.07%/α+0.28pp，不建仓成立：平量小跌约与基准持平，无放量反包触发，纪律守住,,entry_type记条件触发是指‘改判/升级’门槛（放量反包站上MA5 22.96），并非买入指令。
2026-09-09,000019,深粮控股,定时策略,规避,规避（不建仓+不给方向）,5.0,量价·连续放量+最大范围#1（#28误判样本续跟）,未指定,不参与；游资情绪票不给方向,,不建仓,8.46,10.013003901170348,2026-09-10,8.28,8.4,7.64,7.68,1.95,7.33,-1.2647,True,8.28,-7.246,-11.473,-5.981,,已成交,真避损,不建仓,,,,,真避损,-9.22,-7.955,真避损/规避强兑现,收−9.22%/α−7.87pp，规避强兑现（本批最大避损）：近跌停、换手20%巨量派发，#28尾部风险T+1兑现,,
2026-09-10,300453,三鑫医疗,定时策略,买入候选,买入（首选）·条件式入场,1.0,消息面评分#1(0.9265)+合议#5,条件触发,入场闸门：放量（vol_ratio≥1.2）站上MA10 9.28；闸门未开则低波动待动、不追,9.28,闸门,9.13,0.11,2026-09-11,9.13,9.14,9.0,9.11,0.94,9.28,-1.9786,True,9.13,-0.219,1.643,1.76,,已成交,假利好,未触发·空仓(未收阳;收盘9.11未站上9.28;量比0.94<1.2),,,,,空仓·真避损,-0.219,1.76,待动未触发/伪机会成本,收−0.22%/α+1.77pp，本批最强抗跌正α；闸门未开(收9.11<9.28)→未入场，抗跌无绝对收益=伪机会成本(#30),,消息面事件标签把‘回购’误标‘增持’，选股文已修正。
2026-09-10,000893,亚钾国际,定时策略,买入候选,可参与（小仓）·条件式,2.0,合议#17+反转低换手#18+消息面评分#3,条件触发,入场闸门：放量（vol_ratio≥1.5）站上MA5 45.29；跳空高开越闸则当日作废改判次日（#20）,45.29,闸门,43.22,-0.02,2026-09-11,42.9,43.2,41.2,41.8,0.91,41.1,-1.9786,True,42.9,-2.564,-4.196,-0.585,,已成交,假利好,未触发·空仓(未收阳;收盘41.8未站上45.29;量比0.91<1.2),,,,,空仓·真避损,-3.286,-1.307,真避损/闸门未开,收−3.29%/α−1.30pp，跑输基准；闸门未开(收41.80≪45.29)→未入场，周期顶+主力流出压制兑现，条件式闸门正确避损,,
2026-09-10,688262,国芯科技,定时策略,检验样本,不建仓（检验样本）·缩量抗跌方向待动,3.0,半导体多因子#1(1.8088),条件触发,需放量收阳(vol_ratio≥1.5)+主力新鲜口径净流入+舆情转正，三者未现只待动,,闸门,26.73,-0.71,2026-09-11,26.31,26.53,25.27,25.99,1.75,26.58,-1.9786,True,26.31,-1.216,1.026,0.763,,已成交,选错·策略,未触发·空仓(未收阳),,,,,空仓·真避损,-2.768,-0.789,不建仓成立/thesis证伪,收−2.77%/α−0.78pp，跑输；「缩量抗跌」thesis彻底证伪（放量下跌），不建仓无损，坐实#14,,触发条件无具体价位，trigger_price留空。
2026-09-10,300124,汇川技术,定时策略,观望,观望（检验样本、不建仓）,4.0,反转低换手#1(1.5632),条件触发,需放量收阳站回MA5+主力回流，未现只待动,,不建仓,54.46,-2.61,2026-09-11,53.97,54.43,53.44,53.52,1.16,53.66,-1.9786,True,53.97,-0.834,-0.574,1.145,,已成交,观望正确(跌),不建仓,,,,,观望正确(跌),-1.726,0.253,观望成立,收−1.73%/α+0.26pp，微正α；大盘白马相对抗跌延续、连续第二日相对企稳；观望无仓位，错过仅+0.26pp可忽略,,文档类型列为‘检验样本’、表态为‘观望’，tier按表态取观望。MA5具体值未给，trigger_price留空。
2026-09-10,603193,润本股份,定时策略,观望,观望（检验样本、不建仓）,5.0,合议#1(0.706)+消息面评分#2,条件触发,需放量收阳站回MA20 20.95（企稳信号），未现只待动,20.95,不建仓,19.92,-5.14,2026-09-11,19.8,19.85,18.84,19.14,1.09,19.6,-1.9786,True,19.8,-3.333,-1.01,-1.354,,已成交,观望正确(跌),不建仓,,,,,观望正确(跌),-3.916,-1.937,真避损,收−3.92%/α−1.93pp，本批最弱；连续放量急跌，供给面压制持续兑现，观望避损成立（坐实#22）,,文档类型列为‘检验样本’，tier按表态取观望。
2026-09-11,601872,招商轮船,定时策略,买入候选,可参与买入（条件式：放量站上20.98才入，普跌日降级）,1.0,最强选股+最大范围(同源计一票)+扣非质量口径,条件触发,闸门：放量突破20.98（前高）且量比≥1.3，收盘确认；闸门未开=低波动待动,20.98,闸门,20.0,-2.82,2026-09-14,20.55,21.52,19.85,20.0,1.34,20.5,0.5549,True,20.0,0.0,2.5,-0.555,,已成交,假利好,未触发·空仓(未收阳;收盘20.0未站上20.98),,,,,空仓·平,0.0,-0.555,待动未触发/避开whipsaw,收+0.00%/α−0.53pp，闸门收盘未确认(收20.00<20.98)→空仓正确；日内触21.52后回落收平，振幅8.35%，避开假突破,,09-14另有闸门收盘终判文件对其逐条核验：量比1.34达标、守MA5、决定性价格闸门未过。
2026-09-11,002913,奥士康,定时策略,观望,观望（不建仓）,2.0,最强选股+最大范围(同源),未指定,不建仓；题材/融资盘票方向不可线性预测，不给方向,,不建仓,72.49,2.11,2026-09-14,71.77,77.07,70.49,76.54,1.14,75.55,0.5549,True,71.77,6.646,5.267,6.091,,已成交,观望踏空(涨),不建仓,,,,,观望踏空(涨),5.587,5.032,踏空/真机会成本,收+5.59%/α+5.06pp，逆势最强收近全日高；观望未打脸但记真机会成本（批次最大，#23）,,文档大标题为‘检验样本·观望’，tier按表态取观望。
2026-09-11,002064,华峰化学,定时策略,观望,观望（不建仓）,3.0,扣非质量相邻高分（quality 73.48 本批最高）,条件触发,5日：若化纤板块企稳+放量收阳站上MA5 10.65，value修复可期；1日不给方向,10.65,不建仓,10.0,-5.66,2026-09-14,9.9,10.32,9.87,10.23,0.72,10.0,0.5549,True,9.9,3.333,1.01,2.778,,已成交,观望踏空(涨),不建仓,,,,,观望踏空(涨),2.3,1.745,踏空/触发未开,收+2.30%/α+1.77pp，value超跌修复；收10.23<MA5 10.65，站上MA5触发仍未确认，反抽在闸门下走完,,09-14闸门收盘终判：缩量(量比0.72)收阳、未站上MA5，不达买点。类型列为检验样本。
2026-09-11,300124,汇川技术,定时策略,观望,观望（不建仓）,4.0,反转低换手组合,条件触发,5日反弹需放量收阳站上MA5 55.99触发，未触发前偏弱,55.99,不建仓,53.52,-1.73,2026-09-14,53.09,54.12,52.85,53.66,0.5,51.55,0.5549,True,53.09,1.074,-2.901,0.519,,已成交,观望踏空(涨),不建仓,,,,,观望踏空(涨),0.262,-0.293,观望成立,收+0.26%/α−0.27pp，反弹日最钝、约当基准偏下；空头排列无量，观望正确（坐实#25）,,类型列为检验样本。
2026-09-11,688262,国芯科技,定时策略,规避,规避/观望（不建仓）,5.0,半导体多因子#1(1.8094),条件触发,不建仓；盯是否站上MA5 26.81+放量收阳；方向不给,26.81,不建仓,25.99,-2.77,2026-09-14,25.93,26.77,25.5,26.58,1.09,26.57,0.5549,True,25.93,2.507,2.468,1.952,,已成交,规避打脸,不建仓,,,,,规避打脸,2.27,1.715,踏空/触发未开,收+2.27%/α+1.74pp，逆半导体板块超跌反抽；收26.58<MA5 26.81，非趋势反转，规避未打脸但机会成本为真,,原文‘规避/观望’并列，tier取前者规避；类型列为检验样本。
2026-09-14,601162,天风证券,定时策略,买入候选,可参与（条件式）,1.0,扣非质量top1(1.4572),条件触发,闸门：放量（量比≥1.0）收阳站上MA10 3.75+主买翻正；未触发前只给震荡待动,3.75,闸门,3.58,-0.83,2026-09-15,3.57,3.59,3.55,3.56,0.51,3.61,-1.367,True,3.57,-0.28,1.12,1.087,,已成交,选错·策略,未触发·空仓(未收阳;收盘3.56未站上3.75;量比0.51<1.0),,,,,空仓·真避损,-0.559,0.808,待动未触发/伪机会成本,收−0.56%/α+0.80pp，闸门收盘未开（收阴·量比0.39级缩量）→空仓；抗跌属伪机会成本/避入普跌下行(#30),,修正版把闸门简化为放量收阳单条(量比>1.5)、MA10降为加仓确认。
2026-09-14,003032,传智教育,定时策略,买入候选,小仓试反抽（条件式）,2.0,合议top1(0.7068),条件触发,反抽三确认（早于MA5，#31）：放量收阳(量比≥1.2)+tick主买>50%+站上前一日高；仓位≤1/3常规,,闸门,8.79,-1.35,2026-09-15,8.82,8.9,8.67,8.72,0.44,8.72,-1.367,True,8.79,-0.796,-0.796,0.571,,已成交,选错·策略,未触发·空仓(未收阳;量比0.44<1.2),,,,,空仓·真避损,-0.796,0.571,待动未触发/伪机会成本,收−0.80%/α+0.56pp，反抽三确认闸门收盘未开（缩量惜售收阴）→空仓；深超卖在普跌日未反抽，伪机会成本(#30/#31),,触发价=‘前一日高（9.xx）’原文未给具体数，trigger_price留空；修正版止损改为8.42。
2026-09-14,688262,国芯科技,定时策略,观望,观望（方向待动）,3.0,半导体多因子top1(1.8156),条件触发,改判偏多前提：放量收阳站上MA5 26.63、进而站稳MA20 27.31+主买翻正,26.63,不建仓,26.58,2.27,2026-09-15,26.5,27.04,26.36,26.57,0.78,27.72,-1.367,True,26.5,0.264,4.604,1.631,,已成交,观望正确(跌),不建仓,,,,,观望正确(跌),-0.038,1.329,观望成立/抗跌未启动,收−0.04%/α+1.32pp，收26.57仍<MA5 26.63触发未开；本批最强抗跌但绝对近零=抗跌≠上涨，观望无损失,,类型列为检验样本。盘中曾随半导体+1.05%，收盘回吐。
2026-09-14,002913,奥士康,定时策略,规避,规避（不建仓）,4.0,最强选股+最大范围+量价放量(同源计一票),未指定,规避不建仓；不给上行方向也不给看跌硬方向（若持有跌破MA5 70.81清仓）,,不建仓,76.54,5.59,2026-09-15,75.5,77.21,72.91,75.55,0.87,83.11,-1.367,True,75.5,0.066,10.079,1.433,,已成交,真避损,不建仓,,,,,真避损,-1.293,0.074,真避损/规避成立,收−1.29%/α+0.07pp，方向偏空/回吐兑现=规避成立；日内冲77.21收75.55巨振派发，普跌市同步跌非独跌,,类型列为检验样本。策略视图close 76.54 vs per-stock 74.62口径不一致，选股文已记。
2026-09-14,603730,岱美股份,定时策略,规避,规避（不建仓）·偏空待确认,5.0,反转低换手top1(1.5449),未指定,规避不建仓；反弹需站回MA20 10.53且放量才改观,,不建仓,9.48,-7.33,2026-09-15,9.48,9.57,9.34,9.5,0.89,9.5,-1.367,True,9.48,0.211,0.211,1.578,,已成交,规避打脸,不建仓,,,,,规避打脸,0.211,1.578,小幅踏空/待风险窗口复核,收+0.21%/α+1.57pp，本批最强α，规避小幅踏空（真机会成本仅+0.21%）；供给面tail risk未落地→移交、不结案(#29),,类型列为检验样本。financing段返回None，存续转债由baidu_news人工补全。
2026-09-15,603129,春风动力,定时策略,买入候选,买入候选·首选，可参与（条件式，配触发闸门）,1.0,动量组合+放量后缩量回踩(S02)+最大范围选股 三命中,条件触发,首入场闸门=09-16放量收阳站上MA5(≈294)且量比≥1.5；跳空高开在闸门价上方开盘则当日闸门作废,294.0,闸门,304.5,1.54,2026-09-16,304.45,308.2,288.18,296.88,1.57,291.1,1.4256,True,304.45,-2.486,-4.385,-3.912,,已成交,假利好,未触发·空仓(未收阳),,,,,空仓·真避损,-2.502,-3.928,真避损,闸门未开→空仓·真避损：量比1.57✓站上MA5✓但收阴−2.50%✗，放量收阴派发，闸门正确避开下杀,,D+1收盘−2.50%、α−3.91pp；入场价记'未触发'。系统把行业误标为国防军工，文档据消息面修正为出口链。
2026-09-15,301345,涛涛车业,定时策略,买入候选,买入候选·可参与（小仓、条件式）,2.0,最大范围选股+最强选股+量价放量 三命中,条件触发,09-16放量收阳、不破今日低233、站稳MA5(≈228)为入场前提；高开跳空作废(#20),228.0,闸门,239.16,1.55,2026-09-16,241.5,241.5,234.22,237.3,0.48,230.65,1.4256,True,239.16,-0.778,-3.558,-2.204,,已成交,选错·策略,未触发·空仓(未收阳;量比0.48<1.2),,,,,空仓·真避损,-0.778,-2.204,避损,跳空高开(开241.50>昨收239.16)作废→空仓·避损；收阴缩量−0.78%，bias5回吐如期兑现,,trigger_price取站稳MA5的228，另有'不破今低233'下限条件。D+1收盘−0.78%、α−2.19pp。
2026-09-15,002033,丽江股份,定时策略,检验样本,观望（倾向不建仓）·检验样本；不建仓+方向待动,3.0,策略0合议Top1(综合分0.640·超卖共振2),条件触发,需放量收阳站上MA5(8.84)+主力转流入才考虑；三问任一'否'则维持不建仓,8.84,不建仓,8.3,-2.81,2026-09-16,8.32,8.35,8.25,8.31,0.51,8.36,1.4256,True,8.3,0.12,0.723,-1.306,,已成交,选对,不建仓,,,,,空仓·踏空(机会成本),0.12,-1.306,选对(观望坐实),观望判定坐实：普涨日仅+0.12%缩量、仍在MA5下方，独弱；合议超卖反弹在弱基本面票失效彻底证实,,标题同时写观望与检验样本，表格类型列=检验样本，按规则归检验样本。entry为'才考虑'的前提条件而非买入指令。D+1+0.12%、α−1.29pp。
2026-09-15,600185,珠免集团,定时策略,检验样本,观望·检验样本（事件驱动重组，方向不可测，不建仓）,4.0,反转低换手组合+扣非质量(Top4) 双口径,未指定,事件博弈，观察重组落地方向；未给入场口径,,不建仓,4.68,-5.26,2026-09-16,4.68,4.75,4.62,4.73,0.6,4.75,1.4256,True,4.68,1.068,1.496,-0.358,,已成交,选对,不建仓,,,,,空仓·踏空(机会成本),1.068,-0.358,约当基准,约当基准·事件驱动判定维持：+1.07%≈普涨β，无放量异动(量比0.60)，无格力要约后续公告,,标题'观望·检验样本'，表格类型=检验样本，归检验样本。D+1+1.07%、α−0.34pp。
2026-09-16,301183,东田微,定时策略,买入候选,买入候选（回踩限价），只用回踩限价入场不追高开,1.0,最强选股(wr99.52)+量价放量+最大范围 三命中,限价,挂300.6~303.7（昨收−1%~昨收）回踩限价；跳空高开>3%则作废,303.7,限价挂单,302.41,14.25,2026-09-17,300.98,306.0,291.2,297.1,1.11,,0.1698,True,300.98,-1.289,,-1.459,,已成交,追高,限价成交,300.98,-1.289,,-1.459,选错,-1.756,-1.926,买入亏损(回踩限价接飞刀),回踩限价成交→亏损：平开300.98落区间成交，全天低开走弱收−1.76%，入场→收盘−2.17%，止损284未破,,trigger_price取限价区间上限303.7，下限300.6。复盘归因：闸门只防跳空高开、缺低开阴跌保护(催生#34)。P_entry=303.7，α−1.88pp。
2026-09-16,300939,秋田微,定时策略,检验样本,检验样本·可参与偏谨慎,2.0,最强选股(wr99.97)+量价放量+最大范围 三命中,条件触发,需次日放量收阳（量比≥1.5）延续才升为偏多；无量则维持检验/观望,,闸门,81.1,12.39,2026-09-17,80.22,96.9,80.1,95.4,2.49,,0.1698,True,80.22,18.923,,18.753,,已成交,选对,闸门触发·成交,80.22,18.923,,18.753,选对,17.633,17.463,选对(闸门firing大赢),'放量收阳'闸门firing→涨停+17.63%：量比2.49放量，开盘默认入场80.22→收盘+18.92%,,表态'可参与偏谨慎'但类型显式=检验样本，按规则归检验样本(明确说是检验)。触发条件为量能非价位，trigger_price为null。α+17.51pp。
2026-09-16,301046,能辉科技,定时策略,检验样本,检验样本/观望；不建仓，1日不给方向,5.0,动量组合(动量分266)+放量后缩量回踩+最大范围 三口径,条件触发,需放量收阳站上MA5 32.0（量比≥1.5）；缺则维持低波动待动,32.0,闸门,31.39,-0.95,2026-09-17,31.08,32.55,30.93,31.41,0.95,,0.1698,True,31.08,1.062,,0.892,,已成交,选对,未触发·空仓(收盘31.41未站上32.0;量比0.95<1.5),,,,,空仓·踏空(机会成本),0.064,-0.106,约当基准(待动未触发),观望·约当基准走平：+0.06%，冲高32.55短暂破MA5后回落收平，触发未确认，不亏不赚,,标题'检验样本/观望'，表格表态观望、类型检验样本，按规则归检验样本。跨行业(光伏EPC)对照样本。α−0.06pp。
2026-09-16,300951,博硕科技,定时策略,观望,观望，追不得；本票不建仓,3.0,最强选股(wr96.07)+最大范围 两命中,条件触发,需放量收阳突破前高+主力续大额流入才转可参与；当前缩量滞涨=触发未现,,不建仓,93.2,0.2,2026-09-17,92.0,95.95,91.01,91.77,0.69,,0.1698,True,92.0,-0.25,,-0.42,,已成交,观望正确(跌),不建仓,,,,,观望正确(跌),-1.534,-1.704,真避损,观望·真避损：高位缩量滞涨派发预警兑现，冲高95.95→收91.77(−1.53%)，观望正确,,标题/正文/表态均为观望，仅表格类型列写检验样本，按规则取观望。锚点顺序中该票位列第4、表格排序第3，rank取表格。α−1.65pp。
2026-09-16,002913,奥士康,定时策略,规避,规避（不建仓）+方向不给，只标高波动风险,4.0,最强选股(wr100)+最大范围 两命中；电子板块角色表龙头,未指定,不建仓；若要翻多需主力转净流入+融资占比回落，当前相反,,不建仓,83.11,10.01,2026-09-17,83.11,84.49,81.01,82.15,0.78,,0.1698,True,83.11,-1.155,,-1.325,,已成交,真避损,不建仓,,,,,真避损,-1.155,-1.325,真避损,规避·真避损：涨停次日回落−1.16%未续板，#33个票绝对为负=真避损,,标题'规避/检验样本'，表态规避(不建仓)，规避优先。锚点顺序第3、表格排序第4，rank取表格。α−1.28pp。
2026-09-17,601061,中信金属,定时策略,买入候选,买入候选·首选，可参与（条件式低吸）,1.0,反转低换手组合top1(综合分1.621),条件触发,入场闸门=放量收阳站上MA5(11.26)，量比>1.5（量能自证型#34）；触发前不给方向低波待动,11.26,闸门,11.13,-1.94,,,,,,,,,,,,,,,D+1未到,,D+1未到,,,,,,,,,,,D+1未到。表格名称写'中储/中信金属'，以标题'中信金属'为准。financing三项False供给面干净。
2026-09-17,601872,招商轮船,定时策略,买入候选,买入候选，可参与（gap-fade回踩限价）,2.0,最强选股(wr100)+最大范围+量价放量 三命中,限价,挂21.63~21.85（昨收−1%~昨收）回踩限价；低开破MA5(20.44)或跳空高开>3%(>22.51)作废,21.85,限价挂单,21.85,10.02,,,,,,,,,,,,,,,D+1未到,,D+1未到,,,,,,,,,,,D+1未到。trigger_price取限价区间上限21.85，下限21.63。无当日per-stock闭环json，可转债/定增/解禁固定一问未取数移交次日。
2026-09-17,300802,矩子科技,定时策略,检验样本,检验样本｜观望-待触发,3.0,最强选股(wr98.57)+最大范围+量价放量 三命中,条件触发,放量收阳站上压力27.83且主力资金翻正才参与（条件式，缺一不建仓）,27.83,不建仓,26.65,5.54,,,,,,,,,,,,,,,D+1未到,,D+1未到,,,,,,,,,,,D+1未到。标题'检验样本｜观望-待触发'，表格类型检验样本、表态观望，按规则归检验样本。文档另建议策略侧对该类票加筹码背离降权标记。
2026-09-17,003033,征和工业,定时策略,规避,检验样本｜规避-不建仓,4.0,最强选股(wr99.52)+最大范围 两命中,未指定,不建仓；未给入场口径,,不建仓,83.52,2.88,,,,,,,,,,,,,,,D+1未到,,D+1未到,,,,,,,,,,,D+1未到。标题同时写检验样本与规避，表态规避(不建仓)，规避优先。5日方向偏空(低)，1日不给方向。
2026-09-17,001326,联域股份,定时策略,规避,规避-不建仓，不给方向,5.0,最强选股(wr93.18降权段)+最大范围+量价放量,未指定,不建仓；未给入场口径,,不建仓,92.55,8.37,,,,,,,,,,,,,,,D+1未到,,D+1未到,,,,,,,,,,,D+1未到。wr落在80-95降权段(2B)。financing三项False。
